Label;degree;weighted degree;Eccentricity;closnesscentrality;harmonicclosnesscentrality;betweenesscentrality;Authority;Hub;modularity_class;pageranks;componentnumber;clustering;triangles;eigencentrality
"наличная улица";8;8;20;0.098389;0.117299;0.020269;0.000002;0.000002;0;0.002445;0;0.071429;2;0.147739
"малый проспект в.о.";4;4;19;0.103263;0.119634;0.006515;0.000003;0.000003;0;0.001205;0;0;0;0.097159
"улица кораблестроителей";5;5;21;0.089668;0.103594;0.006908;0.000001;0.000001;0;0.001775;0;0.2;2;0.070798
"новосмоленская набережная";3;3;21;0.08964;0.102249;0.001149;0;0;0;0.001062;0;0.333333;1;0.056534
"улица нахимова";2;2;21;0.089622;0.10148;0;0;0;0;0.000734;0;1;1;0.049095
"шкиперский проток";2;2;21;0.08964;0.101768;0.000017;0.000001;0.000001;0;0.000681;0;0;0;0.056253
"улица одоевского";3;3;21;0.089659;0.102633;0.001347;0;0;0;0.001048;0;0;0;0.054687
"большой проспект в.о.";9;9;19;0.108715;0.129599;0.032452;0.000007;0.000007;0;0.002594;0;0;0;0.185924
"уральская улица";5;5;21;0.095453;0.111034;0.006757;0.000001;0.000001;0;0.001592;0;0.2;2;0.093477
"гаванская улица";5;5;20;0.098166;0.113108;0.002124;0.000003;0.000003;0;0.001459;0;0;0;0.116668
"набережная макарова";3;3;18;0.114199;0.129652;0.008039;0.00001;0.00001;0;0.000967;0;0.333333;1;0.05829
8-я и 9-я линии в.о.;6;6;20;0.105155;0.122901;0.010962;0.000006;0.000006;0;0.001765;0;0;0;0.1314
"средний проспект в.о.";6;6;19;0.108389;0.125293;0.007709;0.000006;0.000006;0;0.001704;0;0;0;0.132542
"средний проспект";4;4;21;0.089492;0.101422;0.000013;0.000002;0.000002;0;0.001197;0;0;0;0.081442
"детская улица";4;4;20;0.098132;0.112147;0.00208;0.000002;0.000002;0;0.001231;0;0;0;0.091577
22-я и 23-я линии в.о.;3;3;20;0.09811;0.111378;0.000547;0.000002;0.000002;0;0.000913;0;0;0;0.0837
1-я и кадетская линии в.о.;5;5;18;0.121072;0.139803;0.047637;0.000024;0.000024;0;0.001514;0;0.1;1;0.109166
16-я и 17-я линии в.о.;2;2;20;0.098132;0.111089;0.002346;0.000001;0.000001;0;0.000749;0;0;0;0.046015
"кожевенная линия";2;2;20;0.098088;0.110609;0.000772;0.000001;0.000001;0;0.000735;0;0;0;0.046454
22-я и 23-я линии;4;4;20;0.098132;0.112147;0.000828;0.000003;0.000003;0;0.001202;0;0;0;0.094483
"косая линия в.о.";2;2;21;0.089391;0.098923;0.000002;0.000001;0.000001;0;0.000747;0;0;0;0.030318
"большой проспект в.о";2;2;21;0.095201;0.106728;0.000016;0.000001;0.000001;0;0.000678;0;0;0;0.047632
"набережная лейтенанта шмидта";3;3;19;0.11441;0.128937;0.010596;0.000019;0.000019;0;0.001026;0;0.333333;1;0.053611
"тучков мост";3;3;17;0.122839;0.139767;0.028281;0.000037;0.000037;0;0.000993;0;0.333333;1;0.062139
"университетская набережная";5;5;18;0.128217;0.145046;0.047551;0.000088;0.000088;0;0.001758;0;0.1;1;0.061294
"большой проспект п.с.";7;7;16;0.136837;0.157696;0.04929;0.000204;0.000204;1;0.002378;0;0.095238;2;0.108883
"ждановская набережная";3;3;17;0.120601;0.134823;0.001573;0.000042;0.000042;1;0.001151;0;0.333333;1;0.046967
"каменноостровский проспект";10;10;15;0.145177;0.168015;0.053117;0.00044;0.00044;1;0.003486;0;0.044444;2;0.144578
"проспект добролюбова";5;5;17;0.121022;0.136792;0.005759;0.000046;0.000046;1;0.00189;0;0.1;1;0.058541
"площадь льва толстого";2;2;16;0.129655;0.14459;0;0.000102;0.000102;1;0.000758;0;1;1;0.058611
"проспект медиков";2;2;17;0.126274;0.140598;0.01378;0.000199;0.000199;1;0.000799;0;0;0;0.032803
"рыбацкая улица";3;3;15;0.136837;0.152564;0.033552;0.000421;0.000421;1;0.001123;0;0;0;0.04649
"малый проспект п.с.";2;2;18;0.11323;0.124246;0.000451;0.000016;0.000016;1;0.000866;0;0;0;0.018079
"пионерская улица";2;2;18;0.118524;0.130179;0.001188;0.000057;0.000057;1;0.000865;0;0;0;0.017205
"чкаловский проспект";3;3;17;0.132225;0.148419;0.0119;0.000343;0.000343;1;0.001142;0;0;0;0.04215
"улица ленина";4;4;16;0.147499;0.167385;0.029096;0.001935;0.001935;1;0.00141;0;0;0;0.06403
"левашовский проспект";6;6;16;0.131244;0.149939;0.023406;0.000177;0.000177;1;0.002135;0;0.066667;1;0.089462
"большая пушкарская улица";5;5;15;0.144621;0.163988;0.022808;0.000798;0.000798;1;0.001759;0;0;0;0.077884
"автозаводская улица";3;3;16;0.144621;0.165532;0.017286;0.003288;0.003288;1;0.001125;0;0;0;0.085496
3-й бадаевский проезд;2;2;15;0.159375;0.179548;0.014364;0.007818;0.007818;1;0.000695;0;0;0;0.09986
"введенская улица";3;3;14;0.149123;0.165992;0.039088;0.002387;0.002387;1;0.001086;0;0;0;0.051793
"ординарная улица";2;2;16;0.127089;0.140722;0.000552;0.000154;0.000154;1;0.000774;0;0;0;0.040074
"переулок нестерова";2;2;16;0.126699;0.139459;0.002177;0.00013;0.00013;1;0.000832;0;0;0;0.025675
"силин мост";1;1;16;0.126791;0.139171;0;0.00007;0.00007;1;0.000469;0;0;0;0.0332
"ушаковский мост";2;2;14;0.134837;0.149335;0.009793;0.000357;0.000357;12;0.000785;0;0;0;0.043511
"площадь шевченко";2;2;16;0.127238;0.141447;0;0.000098;0.000098;1;0.000772;0;1;1;0.054667
"каменноостровский мост";2;2;16;0.12694;0.140671;0.003134;0.000076;0.000076;1;0.000809;0;0;0;0.045471
"троицкий мост";3;3;16;0.145616;0.162271;0.023226;0.000604;0.000604;1;0.001161;0;0;0;0.053604
"улица куйбышева";2;2;16;0.133364;0.147047;0.006991;0.000303;0.000303;5;0.000866;0;0;0;0.039162
"улица академика крылова";3;3;13;0.138432;0.152713;0.010217;0.001818;0.001818;12;0.001114;0;0.333333;1;0.038722
"торжковская улица";6;6;12;0.152991;0.172636;0.017387;0.009378;0.009378;12;0.001981;0;0.066667;1;0.087283
"чернореченский мост";2;2;13;0.134711;0.14727;0;0.001769;0.001769;12;0.000769;0;1;1;0.030093
"набережная черной речки";2;2;13;0.145202;0.162202;0.00145;0.010136;0.010136;12;0.000744;0;0;0;0.048407
"белоостровская улица";3;3;13;0.137292;0.15123;0.004268;0.002567;0.002567;8;0.001087;0;0;0;0.03737
"набережная чёрной речки";5;5;13;0.165174;0.191822;0.029384;0.031809;0.031809;9;0.001453;0;0;0;0.203472
"новосибирская улица";3;3;13;0.146107;0.165123;0.002641;0.011246;0.011246;12;0.00104;0;0;0;0.06094
"ланское шоссе";4;4;14;0.15853;0.184132;0.011142;0.054759;0.05476;12;0.001366;0;0;0;0.172927
"новороссийская улица";2;2;15;0.13701;0.153116;0.003525;0.008914;0.008914;12;0.000853;0;0;0;0.033855
"проспект энгельса";16;16;13;0.184233;0.228389;0.096114;0.316216;0.316217;12;0.004146;0;0.038095;4;0.952305
"улица матроса железняка";2;2;14;0.135681;0.153803;0.000232;0.007024;0.007024;12;0.000696;0;0;0;0.061984
"проспект народного ополчения";10;10;17;0.122527;0.143524;0.004704;0.003641;0.003641;2;0.002147;0;0.222222;8;0.21211
"улица партизана германа";4;4;16;0.127725;0.149317;0.002884;0.003825;0.003825;2;0.001095;0;0;0;0.149779
"улица солдата корзуна";4;4;16;0.13786;0.161005;0.006082;0.005397;0.005397;2;0.001162;0;0.166667;1;0.179024
"улица подводника кузьмина";3;3;16;0.124212;0.142469;0.000563;0.002574;0.002574;2;0.000812;0;0;0;0.108509
"счастливая улица";1;1;18;0.109166;0.121504;0;0.000575;0.000575;2;0.000355;0;0;0;0.039963
"дачный проспект";3;3;16;0.12681;0.145975;0.000278;0.003036;0.003036;2;0.000796;0;0.333333;1;0.130858
"улица тамбасова";2;2;18;0.109194;0.122273;0.000008;0.000688;0.000688;2;0.000644;0;0;0;0.048704
"улица танкиста хрустицкого";3;3;16;0.12681;0.145975;0.000278;0.003036;0.003036;2;0.000796;0;0.333333;1;0.130858
"улица пограничника гарькавого";3;3;17;0.130474;0.152064;0.001691;0.003908;0.003908;2;0.000838;0;0;0;0.151193
"улица доблести";6;6;15;0.142528;0.170489;0.005283;0.0107;0.0107;2;0.001632;0;0.066667;1;0.279679
"улица чекистов";2;2;17;0.113304;0.12723;0.00013;0.000713;0.000713;2;0.000679;0;0;0;0.037934
"проспект ветеранов";10;10;16;0.138013;0.164658;0.005517;0.009151;0.00915;2;0.002587;0;0.066667;3;0.313399
"ленинский проспект";13;13;14;0.163123;0.201938;0.039054;0.022824;0.022823;2;0.003399;0;0.038462;3;0.544793
"улица маршала захарова";4;4;15;0.1492;0.174593;0.003013;0.00936;0.00936;2;0.001169;0;0;0;0.187354
"улица маршала казакова";5;5;15;0.154216;0.182177;0.003866;0.013399;0.013399;2;0.00141;0;0.1;1;0.285842
"улица рихарда зорге";4;4;15;0.141228;0.165502;0.000968;0.006362;0.006361;2;0.001192;0;0.166667;1;0.166125
"петергофское шоссе";10;10;16;0.149405;0.181171;0.020451;0.011936;0.011935;2;0.003093;0;0.022222;1;0.329981
"проспект маршала жукова";10;10;15;0.159287;0.19405;0.026953;0.020505;0.020504;2;0.002705;0;0.111111;5;0.475474
"проспект героев";6;6;14;0.171344;0.204455;0.030656;0.025541;0.02554;2;0.001754;0;0;0;0.317468
"кубинская улица";2;2;15;0.140701;0.162968;0.000451;0.004192;0.004192;13;0.00065;0;0;0;0.107619
"площадь конституции";3;3;15;0.144524;0.169569;0.001023;0.00546;0.00546;3;0.000895;0;0;0;0.135646
"московский проспект";10;10;15;0.168317;0.204905;0.040154;0.016764;0.016764;3;0.002715;0;0.044444;2;0.35485
"варшавская улица";4;4;15;0.145861;0.172527;0.001262;0.007076;0.007076;13;0.001132;0;0.166667;1;0.167716
"бульвар новаторов";5;5;15;0.140815;0.166063;0.004928;0.00642;0.006419;2;0.001296;0;0.2;2;0.211555
"проспект кузнецова";2;2;15;0.140314;0.161718;0.000048;0.005725;0.005724;2;0.000635;0;0;0;0.135968
"кронштадтская площадь";2;2;15;0.147074;0.171548;0;0.007134;0.007134;2;0.000653;0;1;1;0.177195
"проспект стачек";14;14;15;0.161392;0.199049;0.039666;0.022317;0.022316;2;0.004245;0;0.076923;7;0.527595
"улица зины портновой";4;4;15;0.140815;0.165678;0.002184;0.006228;0.006228;2;0.001114;0;0;0;0.187557
"улица зенитчиков";2;2;16;0.142646;0.165101;0;0.006767;0.006767;2;0.00066;0;1;1;0.165314
"таллинское шоссе";3;3;15;0.166859;0.194877;0.019267;0.024352;0.024352;13;0.00097;0;0.333333;1;0.201917
"брестский бульвар";2;2;16;0.13751;0.157545;0.000108;0.004246;0.004246;2;0.000656;0;0;0;0.106259
"старо-петергофский проспект";7;7;15;0.176291;0.20902;0.042836;0.023492;0.023492;7;0.002274;0;0.095238;2;0.321666
"комсомольская площадь";3;3;16;0.146304;0.170807;0.001349;0.005927;0.005926;2;0.000962;0;0.333333;1;0.144522
"улица морской пехоты";1;1;16;0.138987;0.158902;0;0.003527;0.003527;2;0.000431;0;0;0;0.087514
"перевалочная улица";2;2;16;0.139076;0.159959;0.004608;0.00362;0.003619;2;0.000897;0;0;0;0.093461
"нарвский проспект";3;3;16;0.153397;0.177352;0.002307;0.007425;0.007425;7;0.001124;0;0.333333;1;0.146816
"корабельная улица";4;4;15;0.150547;0.175493;0.005769;0.00618;0.00618;2;0.001374;0;0.166667;1;0.140979
"улица васи алексеева";2;2;16;0.139031;0.159671;0.002307;0.003617;0.003617;2;0.000904;0;0;0;0.092129
"трамвайный проспект";3;3;16;0.139299;0.161478;0.001446;0.004861;0.004861;2;0.000948;0;0;0;0.134204
"ново-калинкин мост";1;1;16;0.149896;0.167756;0;0.003713;0.003713;7;0.000449;0;0;0;0.053472
"площадь репина";3;3;15;0.17295;0.19826;0.003353;0.01711;0.01711;7;0.001045;0;0.333333;1;0.179293
"рижский проспект";3;3;16;0.151256;0.173346;0.007406;0.006967;0.006966;7;0.001136;0;0;0;0.108601
"набережная обводного канала";5;5;16;0.156753;0.184885;0.02149;0.009209;0.009209;7;0.00166;0;0.1;1;0.171602
"садовая улица";17;17;14;0.204965;0.248277;0.223343;0.081915;0.081914;3;0.004866;0;0.022059;3;0.725034
"проспект римского-корсакова";2;2;16;0.147977;0.164004;0.001115;0.002864;0.002864;7;0.00083;0;0;0;0.037312
"английский проспект";2;2;17;0.131205;0.144809;0.000063;0.001013;0.001013;7;0.000849;0;0;0;0.02762
"улица декабристов";5;5;16;0.149431;0.169914;0.014674;0.003549;0.003549;7;0.001903;0;0.1;1;0.085735
"театральная площадь";2;2;17;0.130868;0.144139;0;0.000678;0.000678;7;0.000802;0;1;1;0.034597
"улица глинки";5;5;17;0.132144;0.147677;0.007418;0.000744;0.000744;7;0.001797;0;0.3;3;0.058471
"лермонтовский проспект";10;10;15;0.173365;0.204521;0.04771;0.01946;0.01946;7;0.003545;0;0.044444;2;0.262876
"мост декабристов";1;1;17;0.130024;0.142033;0;0.000561;0.000561;7;0.000496;0;0;0;0.019223
"яхтенная площадь";1;1;16;0.141113;0.155355;0;0.002712;0.002712;18;0.000545;0;0;0;0.020929
"тулонская аллея";2;2;15;0.164267;0.187956;0.002307;0.017164;0.017164;18;0.000877;0;0;0;0.125311
"ленинградская улица";18;18;14;0.19642;0.242132;0.11399;0.105896;0.105895;18;0.005087;0;0.03268;5;0.758895
"интернациональная улица";4;4;15;0.167958;0.194789;0.003638;0.028767;0.028767;18;0.001341;0;0.333333;2;0.199917
"улица мануильского";2;2;15;0.164329;0.18811;0;0.021281;0.021281;18;0.000698;0;1;1;0.152876
"советская улица";4;4;14;0.176867;0.209086;0.009384;0.050077;0.050077;18;0.001268;0;0.166667;1;0.293841
"дорога в рентгено";2;2;15;0.16927;0.194162;0;0.027447;0.027447;18;0.000678;0;1;1;0.164136
"песочное шоссе";3;3;14;0.181229;0.212856;0.012871;0.067782;0.067782;18;0.000935;0;0.333333;1;0.293125
"школьная улица";7;7;13;0.174026;0.205526;0.038483;0.056263;0.056262;9;0.001925;0;0;0;0.343838
"оранжерейная улица";6;6;14;0.185336;0.217073;0.019302;0.047868;0.047868;18;0.001693;0;0.133333;2;0.381381
"софийский бульвар";3;3;15;0.168317;0.195187;0.000247;0.030209;0.030208;18;0.000891;0;0.333333;1;0.223824
"сельская улица";2;2;15;0.164391;0.188398;0.002729;0.017237;0.017237;18;0.000795;0;0;0;0.127162
"водопадная улица";3;3;15;0.164704;0.189994;0.014022;0.017676;0.017676;18;0.001238;0;0;0;0.136319
"железнодорожная улица";10;10;14;0.178432;0.211083;0.023398;0.053486;0.053485;18;0.002802;0;0.111111;5;0.402762
"петербургское шоссе";7;7;14;0.175222;0.210176;0.021866;0.040648;0.040648;13;0.001949;0;0;0;0.3598
"привокзальная площадь";9;9;14;0.189633;0.226147;0.071517;0.041262;0.041262;18;0.002601;0;0.055556;2;0.397058
"пушкин";6;6;14;0.186974;0.219161;0.039695;0.054608;0.054608;3;0.000975;0;0;0;0.409626
"автомобильная дорога а121";2;2;13;0.181952;0.212316;0.011834;0.055585;0.055585;16;0.000659;0;0;0;0.271375
"комсомольская улица";2;2;15;0.164329;0.188245;0.003144;0.017192;0.017192;18;0.00079;0;0;0;0.127121
"улица аммермана";2;2;16;0.143948;0.160594;0.001233;0.004781;0.004781;13;0.000852;0;0;0;0.038164
"проспект ленина";19;19;13;0.195535;0.241919;0.12388;0.170915;0.170915;13;0.006091;0;0.023392;4;0.805647
"большой проспект";2;2;15;0.159375;0.180191;0.000326;0.011302;0.011302;18;0.0007;0;0;0;0.077522
"улица восстания";4;4;14;0.174622;0.201531;0.023075;0.031592;0.031591;6;0.001393;0;0;0;0.169556
"макаровская улица";2;2;14;0.163739;0.187735;0.00337;0.02774;0.02774;13;0.000837;0;0;0;0.134169
"волхонское шоссе";7;7;14;0.178616;0.212502;0.027028;0.05292;0.05292;13;0.00234;0;0.095238;2;0.321355
"улица первого мая";6;6;14;0.171073;0.201124;0.016908;0.053905;0.053905;13;0.002099;0;0.066667;1;0.242349
"гатчинское шоссе";2;2;14;0.16377;0.187793;0.006904;0.02772;0.02772;13;0.000901;0;0;0;0.134061
"красносельское шоссе";11;11;14;0.189467;0.226433;0.040305;0.080672;0.080671;13;0.003668;0;0.036364;2;0.437806
"кингисепское шоссе";1;1;14;0.163585;0.186582;0;0.02701;0.02701;13;0.000445;0;0;0;0.127138
"улица свободы";1;1;14;0.163585;0.186582;0;0.02701;0.02701;13;0.000445;0;0;0;0.127138
"улица освобождения";2;2;14;0.163708;0.187639;0.004608;0.02772;0.02772;13;0.000918;0;0;0;0.13373
"бульвар победы";3;3;13;0.173261;0.19824;0.008556;0.032112;0.032112;14;0.000991;0;0;0;0.175295
"колпинское шоссе";7;7;13;0.180625;0.21214;0.036877;0.045371;0.045371;14;0.002407;0;0.047619;1;0.297365
"вокзальная улица";4;4;14;0.180512;0.21237;0.022355;0.084402;0.084402;13;0.001356;0;0.166667;1;0.324809
"приморское шоссе";19;19;12;0.1979;0.246098;0.158405;0.245836;0.245836;16;0.005502;0;0.035088;6;0.99408
"пухтоловская дорога";2;2;14;0.163647;0.187351;0.000324;0.033999;0.033998;13;0.000761;0;0;0;0.154363
"улица танкистов";4;4;13;0.176831;0.205441;0.034387;0.037587;0.037586;14;0.001261;0;0.166667;1;0.227301
"дорога на огоньки";4;4;14;0.179577;0.210596;0.008479;0.082144;0.082144;13;0.001407;0;0.166667;1;0.311514
"автомобильная дорога 41к-97";2;2;14;0.179392;0.208962;0.003293;0.07372;0.07372;12;0.000679;0;0;0;0.274169
"дорога к жилгородку";2;2;14;0.168513;0.19372;0;0.039991;0.039991;13;0.000744;0;1;1;0.174476
"улица зосимова";3;3;15;0.158617;0.179453;0.004496;0.016723;0.016723;16;0.001143;0;0;0;0.073361
"кирочная улица";3;3;15;0.159993;0.17997;0.011567;0.005905;0.005905;6;0.001089;0;0;0;0.066224
"улица жуковского";2;2;14;0.161392;0.182435;0.009169;0.006364;0.006364;6;0.000741;0;0;0;0.070287
"кронштадтское шоссе";5;5;14;0.170067;0.198335;0.012007;0.071587;0.071587;16;0.001483;0;0;0;0.246543
"гражданская улица";1;1;16;0.136924;0.14958;0;0.002643;0.002643;16;0.000497;0;0;0;0.014259
"улица литке";2;2;15;0.145421;0.16223;0.002307;0.011603;0.011603;16;0.000895;0;0;0;0.043361
"кад";8;8;13;0.176975;0.215743;0.046905;0.139137;0.139137;16;0.002181;0;0.071429;2;0.501264
"кронштадт";4;4;14;0.153316;0.173989;0.001194;0.042219;0.042219;16;0.000849;0;0;0;0.162783
"санкт-петербург(вокзал)";16;16;14;0.189882;0.230683;0.079311;0.243309;0.243309;12;0.003652;0;0.021978;2;0.783923
"улица десантников";2;2;16;0.132468;0.150073;0.000001;0.002485;0.002485;2;0.000675;0;0;0;0.059754
"улица адмирала черокова";2;2;15;0.149328;0.173036;0.002608;0.005923;0.005922;2;0.000684;0;0;0;0.108172
"улица космонавтов";2;2;15;0.146403;0.16588;0.001459;0.004214;0.004214;18;0.000799;0;0;0;0.057183
"краснопутиловская улица";6;6;16;0.147499;0.175323;0.005048;0.009005;0.009005;13;0.001687;0;0;0;0.178282
"ломоносов";4;4;14;0.153723;0.17813;0.013554;0.030261;0.030261;16;0.001319;0;0;0;0.119937
"петергоф";2;2;15;0.140382;0.158594;0.005967;0.005222;0.005222;16;0.000798;0;0;0;0.036135
"лисий нос";6;6;13;0.168415;0.197133;0.012589;0.082656;0.082656;16;0.001015;0;0.166667;1;0.321014
1-й предпортовый проезд;3;3;16;0.13392;0.153303;0.000301;0.002919;0.002919;13;0.000937;0;0.333333;1;0.065784
5-й предпортовый проезд;3;3;16;0.13751;0.159013;0.000531;0.005523;0.005523;11;0.000938;0;0.333333;1;0.107651
"улица галстяна";5;5;15;0.152079;0.179037;0.0041;0.009244;0.009244;13;0.001432;0;0.3;3;0.155854
"улица костюшко";4;4;16;0.134045;0.154654;0.000428;0.003703;0.003703;13;0.001198;0;0.333333;2;0.090454
"предпортовая улица";2;2;16;0.136902;0.15716;0;0.005125;0.005125;11;0.000659;0;1;1;0.096366
"дунайский проспект";11;11;15;0.158472;0.194354;0.02874;0.026905;0.026905;11;0.002848;0;0.036364;2;0.465691
"пулковское шоссе";8;8;14;0.167796;0.203518;0.028627;0.02742;0.027419;13;0.002493;0;0.035714;1;0.303984
"купчинская улица";2;2;16;0.136967;0.157775;0.001703;0.004971;0.004971;11;0.000642;0;0;0;0.105659
"дунайский путепровод";2;2;16;0.141922;0.164077;0;0.008304;0.008304;11;0.000611;0;1;1;0.140661
"софийская улица";10;10;15;0.161332;0.195122;0.06534;0.018351;0.01835;11;0.00276;0;0.044444;2;0.389645
"будапештская улица";9;9;16;0.140405;0.1694;0.008946;0.011274;0.011273;11;0.002291;0;0.138889;5;0.350002
"витебский проспект";11;11;14;0.171412;0.207213;0.027458;0.045536;0.045535;3;0.002565;0;0.022222;1;0.541096
"проспект космонавтов";5;5;16;0.142999;0.168599;0.000937;0.011987;0.011987;3;0.001342;0;0;0;0.202224
"малая карпатская улица";3;3;16;0.137205;0.159044;0.001385;0.006121;0.006121;11;0.000836;0;0.333333;1;0.153106
"улица ленсовета";9;9;15;0.160824;0.191475;0.006458;0.02564;0.025639;3;0.00231;0;0.138889;5;0.391258
"площадь победы";5;5;15;0.164485;0.196276;0.009995;0.017379;0.017379;13;0.001374;0;0.1;1;0.257598
"стартовая улица";2;2;15;0.143757;0.164303;0.002307;0.004444;0.004444;13;0.000915;0;0;0;0.055433
"проезд к аэропорту пулково-1";2;2;15;0.143757;0.164303;0.002307;0.004444;0.004444;13;0.000915;0;0;0;0.055433
"киевское шоссе";3;3;14;0.166923;0.192148;0.00405;0.017519;0.017519;13;0.001143;0;0;0;0.128484
"улица орджоникидзе";6;6;15;0.15152;0.17863;0.004998;0.018153;0.018152;3;0.001568;0;0.066667;1;0.274003
"автовская улица";2;2;15;0.150052;0.169308;0.002271;0.002985;0.002985;5;0.000688;0;0;0;0.054019
"московское шоссе";12;12;14;0.182028;0.217968;0.050656;0.047538;0.047538;3;0.003147;0;0.060606;4;0.531889
"площадь московские ворота";2;2;16;0.151098;0.173824;0;0.00402;0.00402;3;0.000676;0;1;1;0.101908
"улица типанова";5;5;16;0.152991;0.181498;0.009511;0.011618;0.011618;3;0.001355;0;0.2;2;0.232415
"благодатная улица";3;3;16;0.147549;0.173056;0.004914;0.004024;0.004024;3;0.000913;0;0;0;0.113433
"улица фрунзе";2;2;16;0.15013;0.17417;0.000362;0.006701;0.006701;3;0.000622;0;0;0;0.124633
"бассейная улица";4;4;16;0.15026;0.175804;0.00184;0.007738;0.007738;3;0.001114;0;0;0;0.151976
"лиговский проспект";10;10;15;0.163031;0.194909;0.033365;0.008676;0.008676;3;0.0032;0;0.022222;1;0.212579
"московская площадь";2;2;16;0.146033;0.168252;0;0.004485;0.004485;3;0.000634;0;1;1;0.099959
"сенная площадь";4;4;15;0.180249;0.208318;0.039937;0.018611;0.018611;3;0.00126;0;0.166667;1;0.21744
"площадь восстания";2;2;16;0.162695;0.184409;0.009025;0.004142;0.004142;3;0.000711;0;0;0;0.087814
"улица некрасова";3;3;16;0.141991;0.161971;0.002899;0.001487;0.001487;6;0.001138;0;0;0;0.055074
"ново-каменный мост";1;1;16;0.140201;0.157648;0;0.001371;0.001371;3;0.000445;0;0;0;0.041074
"расстанная улица";3;3;16;0.140815;0.161001;0.004631;0.001508;0.001508;3;0.001048;0;0;0;0.061238
"воздухоплавательная улица";2;2;15;0.157265;0.181282;0.004169;0.008567;0.008567;3;0.000643;0;0;0;0.126952
"курская улица";3;3;16;0.140496;0.160032;0.004436;0.001466;0.001466;3;0.001196;0;0;0;0.05484
"невский проспект";9;9;15;0.184704;0.215117;0.13745;0.017536;0.017535;6;0.002823;0;0.027778;1;0.2555
"малая морская улица";2;2;16;0.156442;0.174183;0.008245;0.002847;0.002847;7;0.000788;0;0;0;0.054971
"дворцовый проезд";2;2;16;0.159199;0.176885;0.055012;0.002846;0.002846;1;0.000771;0;0;0;0.056194
"улица александра невского";2;2;16;0.157636;0.175106;0.004278;0.002928;0.002928;6;0.000759;0;0;0;0.056293
"площадь александра невского";3;3;16;0.162329;0.183781;0.024665;0.004208;0.004208;6;0.000966;0;0.666667;2;0.10475
"исполкомская улица";3;3;16;0.158067;0.177163;0.007053;0.003065;0.003065;6;0.00106;0;0;0;0.069061
"суворовский проспект";7;7;15;0.16486;0.190006;0.027238;0.004803;0.004803;6;0.002241;0;0.047619;1;0.141712
"мост александра невского";3;3;16;0.162329;0.183781;0.024665;0.004208;0.004208;6;0.000966;0;0.666667;2;0.10475
"исаакиевская площадь";3;3;17;0.13701;0.150689;0.006496;0.000482;0.000482;7;0.001229;0;0;0;0.026453
"конногвардейский бульвар";3;3;18;0.123539;0.135744;0.002179;0.00011;0.00011;7;0.001138;0;0.333333;1;0.030228
"вознесенский проспект";2;2;18;0.120988;0.130973;0.000604;0.000091;0.000091;7;0.000939;0;0;0;0.013229
"площадь труда";3;3;19;0.113319;0.125667;0.002051;0.000048;0.000048;7;0.001104;0;0.333333;1;0.032119
"набережная крюкова канала";4;4;18;0.12131;0.134318;0.002266;0.000169;0.000169;7;0.001431;0;0.333333;2;0.044252
"благовещенский мост";3;3;19;0.114576;0.12801;0.002249;0.000024;0.000024;0;0.001075;0;0.333333;1;0.038006
"большая морская улица";3;3;18;0.117783;0.129194;0.000085;0.000167;0.000167;7;0.001121;0;0.666667;2;0.03544
"поцелуев мост";2;2;18;0.116752;0.126741;0;0.000144;0.000144;7;0.000796;0;1;1;0.02549
"кронштадтская улица";4;4;14;0.167893;0.193504;0.022582;0.009887;0.009886;5;0.001297;0;0;0;0.119145
"привокзальная улица";4;4;15;0.168579;0.194144;0.005914;0.021442;0.021441;18;0.001212;0;0.166667;1;0.181408
"улица труда";4;4;14;0.164579;0.187871;0.004797;0.009315;0.009315;6;0.001197;0;0.166667;1;0.122865
"октябрьская улица";5;5;14;0.165269;0.189258;0.008445;0.009339;0.009339;6;0.001496;0;0.1;1;0.134912
"улица аврова";3;3;15;0.161663;0.184952;0.013639;0.008241;0.008241;18;0.000987;0;0.333333;1;0.114873
"озерковая улица";4;4;15;0.160496;0.182876;0.008427;0.008361;0.008361;18;0.001302;0;0.166667;1;0.11373
"луизинская улица";2;2;15;0.159669;0.179928;0.003583;0.006702;0.006702;18;0.000815;0;0;0;0.072333
"дворцовый проспект";4;4;14;0.162208;0.185203;0.036621;0.012132;0.012132;5;0.001387;0;0;0;0.078988
"манежный спуск";3;3;15;0.139997;0.156086;0.020569;0.002045;0.002045;5;0.001147;0;0.333333;1;0.035667
"морская улица";3;3;15;0.140999;0.158074;0.009908;0.002086;0.002086;5;0.001219;0;0;0;0.031198
"краснофлотское шоссе";3;3;13;0.171378;0.200578;0.021562;0.062755;0.062755;5;0.000945;0;0.333333;1;0.244339
"манежная улица";2;2;16;0.122961;0.13442;0;0.000389;0.000389;5;0.000826;0;1;1;0.022237
"еленинская улица";5;5;16;0.123083;0.136592;0.01604;0.000419;0.000419;5;0.001931;0;0.1;1;0.039959
"владимирская улица";2;2;17;0.109719;0.11957;0.003058;0.000072;0.000072;5;0.000849;0;0;0;0.023741
"михайловская улица";2;2;17;0.109719;0.11957;0.003058;0.000072;0.000072;5;0.000849;0;0;0;0.023741
"иликовский проспект";2;2;17;0.109719;0.11957;0.003058;0.000072;0.000072;5;0.000849;0;0;0;0.023741
"александровская улица";5;5;18;0.098995;0.108939;0.00691;0.000036;0.000036;5;0.002045;0;0;0;0.035275
"ораниенбаумский проспект";2;2;19;0.090106;0.0971;0.001152;0.000006;0.000006;5;0.00093;0;0;0;0.016726
"улица победы";2;2;19;0.090106;0.0971;0.001152;0.000006;0.000006;5;0.00093;0;0;0;0.016726
"полигонный переулок";2;2;20;0.082682;0.088342;0.000001;0.000002;0.000002;5;0.000963;0;0;0;0.012427
"ленинградское шоссе";7;7;15;0.165174;0.192515;0.01161;0.029629;0.029629;12;0.002121;0;0.095238;2;0.195784
"петровская улица";2;2;16;0.130868;0.143938;0.000089;0.001485;0.001485;13;0.000927;0;0;0;0.015584
"красная улица";2;2;15;0.140861;0.156229;0.001157;0.004619;0.004618;13;0.000923;0;0;0;0.027801
"цитадельское шоссе";1;1;16;0.126977;0.137729;0;0.001834;0.001834;16;0.000553;0;0;0;0.009164
"улица жоры антоненко";2;2;16;0.123875;0.13587;0.005859;0.000338;0.000338;5;0.000959;0;0;0;0.013856
"ораниенбаумское шоссе";2;2;16;0.133078;0.149302;0.001579;0.000728;0.000728;5;0.00081;0;0;0;0.035574
"улица связи";2;2;17;0.110488;0.119874;0.003652;0.000055;0.000055;5;0.001037;0;0;0;0.01034
"улица кипренского";2;2;17;0.101285;0.108841;0.001762;0.000009;0.000009;5;0.001075;0;0;0;0.009734
"павловский проспект";2;2;18;0.096184;0.102732;0.000795;0.000003;0.000003;5;0.001085;0;0;0;0.009709
"безымянный переулок";2;2;17;0.100487;0.107411;0.001495;0.00001;0.00001;5;0.001071;0;0;0;0.010088
"песочная улица";2;2;16;0.109956;0.118167;0.003425;0.000061;0.000061;5;0.001029;0;0;0;0.011896
"улица мира";3;3;15;0.122996;0.133814;0.009077;0.000376;0.000376;5;0.001415;0;0;0;0.018365
"кронверкская улица";2;2;14;0.139591;0.152798;0.011189;0.002254;0.002254;5;0.00087;0;0;0;0.02833
"улица котовского";2;2;16;0.110362;0.118709;0.001529;0.000067;0.000067;5;0.001025;0;0;0;0.0119
"русановская улица";1;1;21;0.095896;0.107143;0;0.000012;0.000012;4;0.000449;0;0;0;0.017868
"октябрьская набережная";5;5;20;0.106055;0.123888;0.004749;0.000073;0.000073;4;0.001625;0;0.2;2;0.077337
"проспект большевиков";7;7;20;0.110333;0.130128;0.007496;0.000144;0.000144;4;0.001938;0;0.190476;4;0.146177
"народная улица";4;4;20;0.112744;0.131044;0.006841;0.000114;0.000114;4;0.001122;0;0.5;3;0.099134
"малоохтинский проспект";2;2;20;0.109594;0.123134;0.000834;0.000054;0.000054;6;0.000762;0;0;0;0.02681
"володарский мост";3;3;19;0.113601;0.131378;0.011087;0.000139;0.000139;4;0.000962;0;0.333333;1;0.0581
"дальневосточный проспект";8;8;19;0.120887;0.142435;0.025179;0.000364;0.000364;4;0.001552;0;0.52381;11;0.190221
"улица дыбенко";1;1;21;0.099381;0.111231;0;0.000023;0.000023;4;0.000408;0;0;0;0.030379
"улица тельмана";3;3;20;0.107984;0.122908;0.000012;0.000098;0.000098;4;0.000788;0;0.666667;2;0.088249
"улица подвойского";2;2;21;0.099438;0.112385;0.00014;0.00003;0.00003;4;0.000678;0;0;0;0.044175
"улица коллонтай";8;8;19;0.112481;0.133354;0.013092;0.00021;0.00021;4;0.002137;0;0.142857;4;0.164127
"искровский проспект";4;4;20;0.108253;0.12479;0.003124;0.000109;0.000109;4;0.00101;0;0.333333;2;0.09767
"новочеркасский проспект";6;6;18;0.1332;0.156114;0.031177;0.001632;0.001632;6;0.001696;0;0.133333;2;0.141125
"улица бабушкина";10;10;17;0.131463;0.156562;0.017252;0.001455;0.001455;11;0.003253;0;0.088889;4;0.187989
"проспект александровской фермы";6;6;16;0.142528;0.168715;0.028055;0.004329;0.004328;11;0.001845;0;0.066667;1;0.19111
"улица шелгунова";3;3;17;0.130317;0.150264;0.001771;0.001051;0.001051;11;0.001;0;0.666667;2;0.103858
"ивановская улица";4;4;18;0.122874;0.143882;0.013456;0.000695;0.000695;11;0.001292;0;0;0;0.090699
"проспект елизарова";2;2;18;0.116376;0.132091;0.000064;0.000428;0.000428;11;0.000727;0;0;0;0.064071
"большой смоленский проспект";1;1;18;0.116204;0.13038;0;0.00023;0.00023;11;0.000449;0;0;0;0.038837
"рабфаковская улица";3;3;18;0.122718;0.139675;0.004608;0.000377;0.000377;11;0.001172;0;0.333333;1;0.074509
"улица чернова";3;3;18;0.122683;0.139387;0.002307;0.000377;0.000376;11;0.001167;0;0.333333;1;0.073169
"бульвар красных зорь";2;2;18;0.116376;0.132091;0.000064;0.000428;0.000428;11;0.000727;0;0;0;0.064071
"улица полярников";2;2;18;0.116376;0.132091;0.000064;0.000428;0.000428;11;0.000727;0;0;0;0.064071
"проспект обуховской обороны";8;8;17;0.134148;0.155495;0.022537;0.000868;0.000867;11;0.002723;0;0.107143;3;0.135028
"улица седова";7;7;17;0.1275;0.148712;0.00932;0.001252;0.001252;11;0.002284;0;0;0;0.11847
"улица димитрова";4;4;17;0.130888;0.153973;0.001038;0.004597;0.004596;11;0.00109;0;0.333333;2;0.187217
"путепровод александровской фермы";1;1;17;0.124766;0.139861;0;0.000684;0.000684;11;0.000434;0;0;0;0.035539
"площадь бехтерева";2;2;18;0.113185;0.126813;0.0019;0.000204;0.000204;11;0.000844;0;0;0;0.030586
"улица цимбалина";2;2;17;0.125743;0.143315;0.000377;0.00141;0.00141;11;0.000682;0;0;0;0.069135
"невский путепровод";2;2;17;0.132064;0.151853;0.006749;0.001553;0.001553;11;0.00069;0;0;0;0.066882
"таллинская улица";2;2;19;0.118605;0.133511;0.00244;0.000266;0.000266;6;0.000737;0;0;0;0.036307
"красногвардейская площадь";7;7;18;0.127388;0.150576;0.005157;0.002592;0.002592;6;0.002047;0;0.095238;2;0.129137
"комаровский мост";3;3;18;0.124694;0.142913;0.000693;0.001193;0.001193;6;0.000921;0;0.666667;2;0.074092
"заневская площадь";2;2;18;0.131423;0.148928;0;0.001029;0.001029;6;0.000666;0;1;1;0.066516
"заневский проспект";9;9;17;0.149638;0.176306;0.059138;0.004882;0.004882;6;0.002675;0;0.055556;2;0.190672
"проспект шаумяна";4;4;18;0.13069;0.149418;0.00248;0.00161;0.00161;6;0.00129;0;0;0;0.085005
"среднеохтинский проспект";3;3;17;0.131086;0.153786;0.001456;0.00451;0.00451;8;0.000904;0;0;0;0.109891
"большеохтинский мост";2;2;17;0.132731;0.14937;0.001922;0.000589;0.000589;6;0.000708;0;0;0;0.044065
"большеохтинский проспект";2;2;17;0.130888;0.152221;0.001341;0.003537;0.003537;8;0.000663;0;0;0;0.086359
"якорная улица";4;4;17;0.131284;0.15173;0.004851;0.003328;0.003328;6;0.001221;0;0.166667;1;0.08672
"магнитогорская улица";2;2;18;0.126054;0.142824;0.000336;0.00233;0.00233;8;0.000683;0;0;0;0.060895
"казанская улица";2;2;19;0.115631;0.127796;0.000008;0.000386;0.000386;6;0.000766;0;0;0;0.028798
"проспект энергетиков";7;7;17;0.143757;0.170471;0.020195;0.013136;0.013136;8;0.001946;0;0;0;0.236128
"шоссе революции";10;10;16;0.147449;0.179889;0.028184;0.019793;0.019793;8;0.002844;0;0.022222;1;0.336003
"екатерининский проспект";2;2;17;0.131006;0.14961;0.000319;0.005852;0.005852;8;0.000642;0;0;0;0.087626
"бестужевская улица";5;5;16;0.13921;0.1639;0.00458;0.020921;0.020921;8;0.001339;0;0.2;2;0.243322
"большая пороховская улица";4;4;17;0.13469;0.156985;0.000973;0.006152;0.006152;8;0.001135;0;0;0;0.126798
"проспект маршала блюхера";8;8;16;0.143543;0.170772;0.022289;0.023192;0.023192;8;0.002319;0;0;0;0.257191
"гранитная улица";2;2;18;0.130219;0.145872;0.001006;0.000833;0.000833;6;0.000751;0;0;0;0.04539
"проспект косыгина";4;4;16;0.143093;0.16486;0.011462;0.003467;0.003467;8;0.001132;0;0;0;0.147331
"заневский мост";1;1;18;0.13018;0.145103;0;0.000772;0.000772;6;0.000425;0;0;0;0.037726
"дворцовый мост";3;3;17;0.141459;0.156462;0.053502;0.000476;0.000476;1;0.00117;0;0;0;0.033556
"менделеевская линия";1;1;19;0.11366;0.12379;0;0.000014;0.000014;0;0.000472;0;0;0;0.015562
"площадь стачек";1;1;17;0.133016;0.147287;0;0.001173;0.001173;7;0.000491;0;0;0;0.025164
"мичманская улица";2;2;22;0.082313;0.091653;0.001152;0;0;0;0.000858;0;0;0;0.022544
"прибалтийская площадь";2;2;22;0.082313;0.091653;0.001152;0;0;0;0.000858;0;0;0;0.022544
"наличный мост";2;2;22;0.082336;0.091807;0.000003;0;0;0;0.000771;0;0;0;0.026599
"биржевая площадь";2;2;18;0.125398;0.136454;0.004565;0.000077;0.000077;1;0.000873;0;0;0;0.016536
"улица бехтерева";2;2;19;0.104232;0.115045;0.000261;0.000037;0.000037;11;0.000928;0;0;0;0.013692
"хрустальная улица";2;2;19;0.106016;0.115925;0.000664;0.000028;0.000028;11;0.000932;0;0;0;0.014395
"улица профессора качалова";2;2;18;0.118394;0.131674;0.002723;0.000142;0.000142;11;0.000858;0;0;0;0.034938
"шлиссельбургский мост";1;1;18;0.118297;0.130463;0;0.000137;0.000137;11;0.000462;0;0;0;0.029482
"синопская набережная";2;2;18;0.129114;0.143854;0.006232;0.000294;0.000294;11;0.000782;0;0;0;0.039035
"шлиссельбургский проспект";4;4;16;0.142318;0.161221;0.02363;0.001657;0.001657;17;0.001121;0;0;0;0.071354
"херсонская улица";3;3;17;0.139501;0.154254;0.007398;0.000994;0.000994;6;0.001128;0;0;0;0.036581
"автобусный переулок";1;1;17;0.105719;0.117068;0;0.000723;0.000723;9;0.0005;0;0;0;0.011661
"автобусная улица";3;3;16;0.1182;0.135826;0.002365;0.004576;0.004576;9;0.001154;0;0;0;0.051513
"ново-никитская улица";2;2;15;0.129326;0.148047;0.002221;0.012038;0.012038;9;0.000723;0;0;0;0.080005
"улица маршала новикова";6;6;15;0.129287;0.15404;0.005302;0.016196;0.016196;9;0.001762;0;0;0;0.169802
"шуваловский проспект";10;10;14;0.147952;0.178721;0.010457;0.071601;0.0716;9;0.002621;0;0.088889;4;0.417537
"парашютная улица";9;9;14;0.143211;0.172508;0.020978;0.03272;0.03272;9;0.002687;0;0.027778;1;0.260175
"комендантский проспект";6;6;14;0.153018;0.184499;0.014655;0.048579;0.048579;9;0.001632;0;0.066667;1;0.268095
"проспект авиаконструкторов";3;3;15;0.129172;0.148634;0.000046;0.019651;0.019651;9;0.000883;0;0;0;0.123096
"планерная улица";8;8;13;0.168841;0.202753;0.023647;0.098815;0.098815;9;0.002003;0;0.107143;3;0.480151
"мебельная улица";3;3;14;0.149328;0.172106;0.002645;0.028491;0.028491;9;0.001007;0;0;0;0.151587
"богатырский проспект";9;9;14;0.151177;0.180779;0.005883;0.068875;0.068875;9;0.002205;0;0.138889;5;0.402606
"улица оптиков";6;6;14;0.149741;0.175682;0.002611;0.062096;0.062096;9;0.001489;0;0.133333;2;0.330239
"проспект авиакострукторов";2;2;15;0.128941;0.14675;0.000021;0.014639;0.014639;9;0.000655;0;0;0;0.087748
"камышовая улица";6;6;14;0.149819;0.176028;0.001623;0.067174;0.067173;9;0.001484;0;0.333333;5;0.357613
"коломяжский проспект";8;8;14;0.148256;0.176753;0.018283;0.0332;0.0332;9;0.002156;0;0.035714;1;0.274972
"солунская улица";2;2;15;0.125488;0.143181;0.001571;0.005346;0.005346;9;0.000795;0;0;0;0.053199
"репищева улица";3;3;15;0.125507;0.14419;0.001019;0.006376;0.006376;9;0.001027;0;0;0;0.070684
"улица летчика паршина";2;2;15;0.125507;0.143151;0.007316;0.005307;0.005307;9;0.000842;0;0;0;0.052742
"долгоозерная улица";2;2;15;0.125398;0.143075;0.000018;0.007566;0.007566;9;0.000667;0;0;0;0.074852
"дорога в каменку";2;2;15;0.148739;0.16971;0.006306;0.012874;0.012874;12;0.000731;0;0;0;0.071627
"проспект испытателей";6;6;15;0.143022;0.169583;0.009142;0.02785;0.02785;9;0.001604;0;0.066667;1;0.188107
"коломяжский путепровод";2;2;15;0.129422;0.147477;0;0.008167;0.008167;9;0.00064;0;1;1;0.08595
"проспект королёва";8;8;14;0.135257;0.159767;0.0055;0.01848;0.01848;9;0.00224;0;0.071429;2;0.194981
"проспект королева";5;5;14;0.13511;0.157268;0.002083;0.01516;0.01516;9;0.001415;0;0;0;0.148723
"светлановская площадь";3;3;14;0.15801;0.186631;0.009803;0.075427;0.075427;9;0.00083;0;0;0;0.242457
"комендантская площадь";5;5;15;0.134858;0.159744;0.001283;0.023883;0.023883;9;0.001307;0;0.2;2;0.163341
"улица уточкина";4;4;15;0.128616;0.149388;0.000787;0.012242;0.012242;9;0.001112;0;0.333333;2;0.117697
"серебристый бульвар";2;2;15;0.135766;0.156156;0.00017;0.015286;0.015286;9;0.000608;0;0;0;0.099084
"светлановский проспект";8;8;15;0.155293;0.185227;0.011701;0.133227;0.133227;10;0.001978;0;0.035714;1;0.436774
"проспект тореза";3;3;16;0.137663;0.157756;0.00099;0.033306;0.033307;10;0.000894;0;0;0;0.116501
"тихорецкий проспект";4;4;16;0.137663;0.160209;0.003507;0.048943;0.048944;10;0.001114;0;0.166667;1;0.185149
"суздальский проспект";6;6;16;0.144332;0.170883;0.00123;0.099081;0.099081;10;0.001575;0;0;0;0.323421
"учительская улица";2;2;16;0.134523;0.152372;0.000018;0.036337;0.036337;10;0.000614;0;0;0;0.112887
"проспект луначарского";9;9;14;0.179615;0.216946;0.051946;0.223365;0.223366;10;0.002231;0;0.055556;2;0.697687
"северный проспект";10;10;16;0.143306;0.17112;0.004795;0.097487;0.097488;10;0.001993;0;0.25;9;0.412604
"проспект просвещения";13;13;14;0.164579;0.204129;0.031704;0.229099;0.2291;10;0.003288;0;0.012821;1;0.729978
"площадь мужества";2;2;16;0.12854;0.14654;0.000449;0.011818;0.011818;10;0.00067;0;0;0;0.059379
"улица есенина";5;5;15;0.141759;0.166844;0.001824;0.065715;0.065715;10;0.001332;0;0;0;0.230194
"крестовский проспект";4;4;21;0.081096;0.089253;0.007017;0;0;1;0.001959;0;0;0;0.02163
"рюхина улица";2;2;20;0.088101;0.095757;0.004624;0;0;1;0.000986;0;0;0;0.015425
"спортивная улица";2;2;20;0.088101;0.095757;0.004624;0;0;1;0.000986;0;0;0;0.015425
"южная дорога";2;2;22;0.075097;0.081712;0.00245;0;0;1;0.001055;0;0;0;0.013321
2-й парковый мост;1;1;22;0.075019;0.080291;0;0;0;1;0.000589;0;0;0;0.008379
"морской проспект";3;3;19;0.096451;0.105538;0.013801;0.000001;0.000001;1;0.001399;0;0;0;0.018244
"петроградская улица";2;2;18;0.106524;0.116805;0.016063;0.000007;0.000007;1;0.000915;0;0;0;0.017241
"большой крестовский мост";3;3;17;0.118946;0.132754;0.020719;0.000041;0.000041;1;0.001218;0;0;0;0.036206
"большая зеленина улица";3;3;16;0.12114;0.134113;0.020067;0.000075;0.000075;1;0.00125;0;0;0;0.027545
"песочная набережная";4;4;17;0.116158;0.129473;0.006929;0.000042;0.000042;1;0.001599;0;0;0;0.044919
"мытнинская набережная";2;2;18;0.112481;0.123455;0.000873;0.00001;0.00001;1;0.000862;0;0;0;0.022507
"переулок талалихина";2;2;17;0.116235;0.127752;0.000661;0.000028;0.000028;1;0.000848;0;0;0;0.022885
"зоологический переулок";2;2;18;0.108483;0.119078;0.000927;0.000008;0.000008;1;0.000884;0;0;0;0.020973
"биржевой мост";3;3;19;0.114804;0.125393;0.002991;0.000014;0.000014;1;0.0013;0;0;0;0.018746
"площадь академика лихачёва";2;2;19;0.106472;0.115199;0.000361;0.000003;0.000003;1;0.000917;0;0;0;0.013895
"измайловский мост";2;2;18;0.117831;0.127277;0.000155;0.000096;0.000096;7;0.000982;0;0;0;0.011145
"измайловский проспект";2;2;17;0.129268;0.141501;0.001857;0.000514;0.000514;7;0.000966;0;0;0;0.016587
"троицкий проспект";2;2;16;0.147952;0.165751;0.004065;0.003157;0.003157;7;0.000885;0;0;0;0.053904
"площадь балтийского вокзала";3;3;16;0.151072;0.171776;0.000096;0.005145;0.005145;7;0.001089;0;0.666667;2;0.093215
"могилёвский мост";1;1;16;0.147776;0.164483;0;0.003075;0.003075;7;0.000474;0;0;0;0.048188
"египетский мост";1;1;16;0.147776;0.164483;0;0.003075;0.003075;7;0.000474;0;0;0;0.048188
"ново-петергофский мост";2;2;16;0.147801;0.165059;0;0.003888;0.003888;7;0.000783;0;1;1;0.066346
"набережная реки фонтанки";2;2;15;0.148484;0.166064;0.0045;0.00316;0.00316;7;0.000889;0;0;0;0.053897
"проспект славы";8;8;16;0.147174;0.175941;0.017234;0.009134;0.009133;11;0.00228;0;0.035714;1;0.272224
"гамбургская площадь";2;2;16;0.14169;0.162473;0;0.004343;0.004343;11;0.00065;0;1;1;0.113421
"бухарестская улица";8;8;17;0.132751;0.159524;0.003861;0.007257;0.007257;11;0.002067;0;0.107143;3;0.293704
"пражская улица";2;2;17;0.128349;0.145391;0.000136;0.001955;0.001955;11;0.000668;0;0;0;0.06969
"проезд вдоль станции ""сортировочная""";1;1;17;0.128311;0.144622;0;0.001443;0.001443;11;0.000415;0;0;0;0.047427
"проспект юрия гагарина";5;5;15;0.159053;0.184887;0.002659;0.017492;0.017492;3;0.001303;0;0.3;3;0.260263
"звёздная улица";4;4;15;0.148205;0.171648;0.002115;0.013965;0.013965;3;0.001107;0;0;0;0.199607
"свирская улица";2;2;15;0.155043;0.17629;0;0.011565;0.011564;3;0.000614;0;1;1;0.148968
"проспект солидарности";3;3;20;0.101179;0.115055;0.000199;0.000047;0.000047;4;0.000953;0;0.333333;1;0.060479
"улица кржижановского";4;4;20;0.10119;0.115631;0.00074;0.000059;0.000059;4;0.001248;0;0.166667;1;0.067994
"российский проспект";6;6;18;0.113959;0.133494;0.015929;0.000454;0.000454;4;0.001824;0;0.066667;1;0.091397
"товарищевский проспект";2;2;20;0.101143;0.114094;0.000362;0.000038;0.000038;4;0.000681;0;0;0;0.044915
"товарищеский проспект";3;3;19;0.106146;0.12145;0.00157;0.00011;0.00011;4;0.00094;0;0.333333;1;0.065742
"проспект пятилеток";2;2;19;0.102361;0.11517;0.001496;0.000074;0.000074;4;0.000566;0;0;0;0.028677
"улица латышских стрелков";2;2;19;0.102373;0.115362;0.000463;0.000081;0.000081;4;0.000696;0;0;0;0.036634
"российский мост";1;1;19;0.102313;0.114113;0;0.000072;0.000072;4;0.000431;0;0;0;0.020826
"российский путепровод";3;3;17;0.123083;0.143139;0.01553;0.002327;0.002327;8;0.000898;0;0.333333;1;0.096201
"улица ворошилова";4;4;20;0.095918;0.106138;0.000193;0.000015;0.000015;4;0.000636;0;0.666667;2;0.023629
"улица бадаева";2;2;21;0.097734;0.109173;0.000998;0.00002;0.00002;4;0.000522;0;0;0;0.028165
"софийская площадь";2;2;16;0.139188;0.159159;0;0.004112;0.004112;11;0.000639;0;1;1;0.109895
"улица белы куна";7;7;16;0.140564;0.165517;0.005088;0.007668;0.007668;11;0.001908;0;0.142857;3;0.251749
"грузовой проезд";2;2;16;0.138987;0.157948;0.002307;0.002974;0.002974;11;0.000868;0;0;0;0.070203
"улица салова";7;7;16;0.14569;0.173955;0.011688;0.005979;0.005979;11;0.002043;0;0.047619;1;0.210042
"шушары";8;8;14;0.175719;0.209155;0.057161;0.047386;0.047385;3;0.001395;0;0.066667;1;0.500036
"улица турку";3;3;17;0.127613;0.147285;0.000055;0.00342;0.00342;11;0.000876;0;0.666667;2;0.123012
"белградская улица";3;3;17;0.128046;0.146723;0.000216;0.002697;0.002697;11;0.000901;0;0.333333;1;0.104307
"алмазный мост";1;1;17;0.127182;0.143369;0;0.000945;0.000945;11;0.000421;0;0;0;0.038389
"волковский проспект";7;7;16;0.142201;0.166269;0.008848;0.003482;0.003482;11;0.002015;0;0.190476;4;0.166765
"улица самойловой";2;2;17;0.127294;0.144542;0.000305;0.001077;0.001077;11;0.000705;0;0;0;0.051296
"новоизмайловский проспект";3;3;16;0.136643;0.157657;0.000234;0.002722;0.002722;3;0.000922;0;0;0;0.071498
"улица пилотов";1;1;16;0.125707;0.138721;0;0.000702;0.000702;13;0.000562;0;0;0;0.0112
"большой петровский мост";2;2;23;0.069925;0.075904;0.000444;0;0;1;0.001094;0;0;0;0.010436
"улица савиной";2;2;22;0.070677;0.076381;0.000333;0;0;1;0.001114;0;0;0;0.009757
"петровская площадь";2;2;21;0.075939;0.081785;0.002221;0;0;1;0.001118;0;0;0;0.009644
"петровский проспект";2;2;20;0.082048;0.088213;0.004485;0;0;1;0.001113;0;0;0;0.009639
"новоладожская улица";2;2;19;0.089225;0.095958;0.00675;0;0;1;0.001092;0;0;0;0.009723
"улица красного курсанта";2;2;18;0.0978;0.105533;0.00902;0.000002;0.000002;1;0.001051;0;0;0;0.010307
"корпусная улица";2;2;17;0.108226;0.117717;0.011295;0.000012;0.000012;1;0.000973;0;0;0;0.013486
"улица воскова";5;5;13;0.161573;0.181946;0.050669;0.013887;0.013887;16;0.001739;0;0.1;1;0.103443
"дубковское шоссе";3;3;13;0.153614;0.170576;0.007345;0.010304;0.010304;16;0.00119;0;0;0;0.059186
"улица володарского";7;7;13;0.168546;0.191924;0.022642;0.025083;0.025083;16;0.00226;0;0.047619;1;0.168206
"улица мосина";5;5;12;0.178029;0.205052;0.049298;0.047848;0.047848;16;0.001633;0;0.1;1;0.228717
"большая монетная улица";2;2;17;0.105129;0.112976;0.000604;0.000048;0.000048;5;0.00106;0;0;0;0.010131
"улица чапаева";2;2;17;0.110025;0.119038;0.001483;0.000239;0.000239;5;0.001064;0;0;0;0.010124
"гренадерский мост";2;2;16;0.122061;0.133257;0.003498;0.001464;0.001464;5;0.001036;0;0;0;0.013118
"гренадерская улица";2;2;15;0.138565;0.154051;0.005738;0.009024;0.009024;5;0.000967;0;0;0;0.034489
"большой сампсониевский проспект";5;5;14;0.160318;0.185265;0.025642;0.05564;0.05564;5;0.002083;0;0;0;0.172562
"улица смолячкова";2;2;15;0.138278;0.153594;0.004608;0.009024;0.009024;5;0.001031;0;0;0;0.034092
"финляндский проспект";2;2;15;0.142458;0.157702;0.0082;0.009026;0.009026;5;0.000924;0;0;0;0.035215
"боткинская улица";1;1;15;0.138189;0.152537;0;0.008793;0.008793;5;0.000527;0;0;0;0.029253
"лесной проспект";2;2;16;0.121531;0.132106;0.002307;0.001463;0.001463;5;0.001187;0;0;0;0.01133
"белорусская улица";1;1;17;0.116673;0.127735;0;0.000347;0.000347;8;0.000468;0;0;0;0.017787
"ленская улица";3;3;16;0.132064;0.149794;0.002487;0.002196;0.002196;8;0.00104;0;0;0;0.08994
"улица коммуны";11;11;15;0.152025;0.181861;0.048786;0.009896;0.009896;8;0.00305;0;0.018182;1;0.298099
"проспект наставников";6;6;17;0.126238;0.144953;0.001193;0.00365;0.00365;8;0.001654;0;0;0;0.159789
"хасанская улица";4;4;16;0.133528;0.15433;0.010111;0.004114;0.004114;8;0.001125;0;0.166667;1;0.151218
"рябовское шоссе";3;3;16;0.133405;0.151921;0.011245;0.001684;0.001684;17;0.001206;0;0;0;0.06759
"проспект ударников";4;4;16;0.132772;0.152712;0.000862;0.004301;0.004301;8;0.001107;0;0.166667;1;0.156979
"проспект энтузиастов";4;4;16;0.132772;0.152712;0.000862;0.004301;0.004301;8;0.001107;0;0.166667;1;0.156979
"ириновский проспект";4;4;16;0.133858;0.155694;0.001467;0.004718;0.004718;8;0.001112;0;0;0;0.155856
"улица химиков";2;2;16;0.1366;0.157521;0;0.004692;0.004692;8;0.00065;0;1;1;0.114116
"павловская улица";3;3;14;0.157694;0.180065;0.028692;0.007837;0.007837;14;0.000978;0;0;0;0.102559
"адмиралтейская улица";5;5;15;0.151626;0.174321;0.013267;0.005521;0.005521;14;0.001525;0;0.1;1;0.122091
"индустриальный проспект";9;9;17;0.130083;0.156614;0.012175;0.010157;0.010157;8;0.002413;0;0.083333;3;0.261048
"проспект металлистов";5;5;16;0.137162;0.163028;0.007917;0.016567;0.016567;8;0.001371;0;0;0;0.197401
"тульская улица";5;5;16;0.147024;0.166438;0.009713;0.001134;0.001134;6;0.001687;0;0;0;0.06967
"новгородская улица";4;4;17;0.142271;0.159164;0.002241;0.000864;0.000864;6;0.001415;0;0;0;0.049532
"мост петра великого";2;2;17;0.134211;0.14986;0.002642;0.000705;0.000705;6;0.000719;0;0;0;0.035108
"улица бонч-бруевича";2;2;17;0.128425;0.14123;0.000583;0.000218;0.000218;6;0.000787;0;0;0;0.025607
8-я советская улица;2;2;17;0.134024;0.14863;0.000761;0.000372;0.000372;6;0.000796;0;0;0;0.025588
"улица моисеенко";2;2;16;0.142341;0.157536;0.000217;0.000895;0.000895;6;0.000746;0;0;0;0.042682
"греческий проспект";2;2;17;0.132225;0.146578;0.000311;0.000364;0.000364;6;0.000835;0;0;0;0.021953
"пулковская улица";3;3;16;0.131683;0.14881;0.002327;0.005206;0.005206;3;0.001024;0;0;0;0.083117
"звездная улица";1;1;17;0.116376;0.127299;0;0.000823;0.000823;3;0.000463;0;0;0;0.015639
"кронштадская улица";1;1;16;0.130868;0.145702;0;0.000977;0.000977;2;0.000465;0;0;0;0.025253
"угольный мост";2;2;17;0.122147;0.135862;0.002307;0.000587;0.000587;2;0.001097;0;0;0;0.02015
"дорога в угольную гавань";1;1;18;0.108865;0.118087;0;0.000093;0.000093;2;0.000639;0;0;0;0.005947
"улица стойкости";1;1;17;0.121174;0.135078;0;0.000853;0.000853;2;0.00042;0;0;0;0.031246
"аннинское шоссе";3;3;15;0.164547;0.187496;0.003717;0.020421;0.020421;13;0.00117;0;0;0;0.114581
"сапёрная улица";3;3;15;0.159639;0.18101;0.00256;0.016907;0.016907;13;0.001179;0;0;0;0.101061
"парковая улица";11;11;13;0.204771;0.244215;0.120631;0.10948;0.10948;3;0.003138;0;0;0;0.569631
"карлинский путепровод";1;1;15;0.159316;0.178703;0;0.012749;0.012749;13;0.000456;0;0;0;0.071477
"малое карлино";1;1;15;0.159316;0.178703;0;0.012749;0.012749;13;0.000456;0;0;0;0.071477
"пушкинское шоссе";3;3;15;0.170569;0.199177;0.007347;0.059718;0.059718;13;0.000948;0;0;0;0.230337
"старогатчинское шоссе";1;1;15;0.159316;0.178703;0;0.012749;0.012749;13;0.000456;0;0;0;0.071477
"заречная улица";5;5;14;0.177591;0.204832;0.014564;0.04532;0.04532;18;0.001677;0;0.1;1;0.227988
"улица политрука пасечника";1;1;16;0.14132;0.155011;0;0.003227;0.003227;13;0.000504;0;0;0;0.020328
"улица шишкина";1;1;15;0.150835;0.166186;0;0.007162;0.007162;18;0.000458;0;0;0;0.03789
"центральная улица";11;11;14;0.180475;0.217315;0.055757;0.091375;0.091375;18;0.003685;0;0.036364;2;0.394592
"токсовское шоссе";6;6;15;0.169967;0.200302;0.017089;0.058342;0.058342;18;0.001806;0;0.133333;2;0.275512
"большой ильинский мост";1;1;17;0.128521;0.146392;0;0.003128;0.003128;8;0.000415;0;0;0;0.05923
"пискарёвский проспект";13;13;15;0.154353;0.191167;0.065446;0.06593;0.06593;8;0.003374;0;0.051282;4;0.535529
"уманский переулок";2;2;17;0.132265;0.152118;0.000831;0.006793;0.006793;8;0.000661;0;0;0;0.104826
"улица потапова";2;2;17;0.128559;0.147161;0.000578;0.003468;0.003468;8;0.000714;0;0;0;0.071589
"площадь пролетарской диктатуры";3;3;16;0.143996;0.161454;0.00302;0.001249;0.001249;6;0.00103;0;0.333333;1;0.067672
9-я советская улица;2;2;16;0.143377;0.15882;0.001412;0.000817;0.000817;6;0.0008;0;0;0;0.036523
"тверская улица";8;8;16;0.150469;0.173077;0.011549;0.002855;0.002855;6;0.002427;0;0.071429;2;0.131803
"потёмкинская улица";2;2;15;0.138853;0.152255;0.003194;0.000973;0.000973;6;0.00082;0;0;0;0.023726
"екатерингофский мост";2;2;17;0.131623;0.14612;0.004353;0.00113;0.00113;7;0.000907;0;0;0;0.025287
"гапсальская улица";2;2;18;0.116564;0.127496;0.002086;0.000184;0.000184;7;0.00097;0;0;0;0.012084
"межевой канал";2;2;19;0.105321;0.114795;0.000037;0.000037;0.000037;7;0.00097;0;0;0;0.011925
"виндавская улица";2;2;19;0.107143;0.118032;0.000266;0.00005;0.00005;7;0.000904;0;0;0;0.020164
"двинская улица";6;6;18;0.119867;0.135622;0.011712;0.000282;0.000282;7;0.002255;0;0.2;3;0.052192
"гутуевский мост";2;2;17;0.135851;0.15419;0.013931;0.0015;0.0015;7;0.000774;0;0;0;0.046697
"канонерский тоннель";2;2;19;0.107063;0.11734;0;0.000055;0.000055;7;0.000826;0;1;1;0.024717
"невельская улица";3;3;19;0.107077;0.117917;0.000001;0.000063;0.000063;7;0.001176;0;0.666667;2;0.032348
"шотландская улица";2;2;19;0.107063;0.11734;0;0.000055;0.000055;7;0.000826;0;1;1;0.024717
"шотландское шоссе";3;3;19;0.107077;0.117917;0.000001;0.000063;0.000063;7;0.001176;0;0.666667;2;0.032348
"лесопарковая улица";2;2;15;0.128597;0.141583;0.002693;0.000489;0.000489;17;0.000883;0;0;0;0.021002
"ржевская улица";2;2;17;0.117815;0.130384;0.006904;0.000273;0.000273;17;0.000993;0;0;0;0.019483
"поперечная улица";2;2;14;0.139098;0.151723;0.003743;0.001411;0.001411;17;0.000868;0;0;0;0.020256
2-я поперечная улица;4;4;13;0.156273;0.174461;0.015683;0.008443;0.008442;17;0.001503;0;0;0;0.060487
2-я тарховская улица;2;2;14;0.135426;0.147623;0.004995;0.001409;0.001409;17;0.000867;0;0;0;0.021
3-я тарховская улица;2;2;14;0.149431;0.164335;0.004293;0.002755;0.002755;17;0.000743;0;0;0;0.03404
"улица передовиков";4;4;17;0.128692;0.147322;0.000727;0.003512;0.003512;8;0.001112;0;0.333333;2;0.132711
"барочная улица";2;2;18;0.104107;0.113136;0.001152;0.000007;0.000007;1;0.000918;0;0;0;0.017463
"вяземский переулок";2;2;18;0.104107;0.113136;0.001152;0.000007;0.000007;1;0.000918;0;0;0;0.017463
"улица профессора попова";2;2;19;0.094321;0.101248;0.000001;0.000002;0.000002;1;0.000953;0;0;0;0.012332
"вазаский переулок";2;2;14;0.145226;0.160984;0.001957;0.005432;0.005432;9;0.000728;0;0;0;0.045056
"площадь академика климова";2;2;14;0.130004;0.143274;0.003208;0.001431;0.001431;8;0.000762;0;0;0;0.028503
"шафировский проспект";4;4;16;0.135257;0.160252;0.008737;0.019054;0.019055;10;0.001235;0;0.166667;1;0.182706
"жириновский проспект";2;2;18;0.115155;0.13108;0.000028;0.002153;0.002153;8;0.000704;0;0;0;0.061216
"кондратьевский проспект";7;7;17;0.126829;0.149428;0.007823;0.017951;0.017951;8;0.00198;0;0.095238;2;0.230874
"замшина улица";4;4;17;0.12644;0.145218;0.000436;0.011472;0.011472;8;0.001113;0;0;0;0.143213
"площадь калинина";3;3;17;0.123223;0.140565;0.000023;0.006392;0.006392;8;0.000918;0;0.333333;1;0.089179
"арсенальная улица";2;2;18;0.112627;0.126768;0.004608;0.002911;0.002911;8;0.000873;0;0;0;0.046061
"проспект мечникова";5;5;16;0.134065;0.15732;0.002566;0.019713;0.019713;8;0.001386;0;0.2;2;0.212731
"репнинская улица";7;7;16;0.1353;0.160215;0.00334;0.023896;0.023896;8;0.001918;0;0.238095;5;0.262289
"полюстровский проспект";5;5;16;0.138255;0.161256;0.007823;0.015391;0.015391;8;0.001433;0;0.1;1;0.168305
"лабораторная улица";3;3;17;0.125652;0.142686;0.000108;0.007107;0.007107;8;0.000923;0;0.333333;1;0.09316
"арсенальная набережная";2;2;19;0.101261;0.11131;0.002307;0.000472;0.000472;8;0.001081;0;0;0;0.01328
"площадь ленина";1;1;20;0.09196;0.098978;0;0.000075;0.000075;8;0.000632;0;0;0;0.005093
"малая балканская улица";6;6;17;0.126017;0.148535;0.000309;0.006226;0.006226;11;0.001549;0;0.466667;7;0.234371
"улица олеко дундича";5;5;17;0.125361;0.146348;0.000153;0.005599;0.005599;11;0.001314;0;0.5;5;0.206591
"улица ярослава гашека";5;5;17;0.123522;0.143407;0.002353;0.00455;0.004549;11;0.001463;0;0.3;3;0.16103
"улица фучика";3;3;17;0.125289;0.14481;0.000109;0.003238;0.003237;11;0.000893;0;0;0;0.124554
"муринская дорога";4;4;15;0.162177;0.19019;0.026313;0.034975;0.034975;18;0.001336;0;0.166667;1;0.208206
"улица руставели";10;10;15;0.164579;0.201205;0.044371;0.154473;0.154474;10;0.002524;0;0.088889;4;0.588958
"проспект непокорённых";6;6;15;0.145837;0.173171;0.007918;0.041477;0.041477;10;0.001722;0;0.066667;1;0.232924
"нартовская улица";3;3;16;0.133817;0.154859;0.001367;0.012685;0.012685;8;0.000979;0;0;0;0.113557
"брюсовская улица";3;3;16;0.13392;0.155436;0.001068;0.015064;0.015064;8;0.000909;0;0.333333;1;0.146232
"пискаревский проспект- брюсовская улица";2;2;17;0.119257;0.134736;0.000007;0.005781;0.005781;8;0.000683;0;0;0;0.065499
"пискаревский проспект";2;2;17;0.118265;0.132847;0.000001;0.005496;0.005496;8;0.000666;0;0;0;0.061921
"кантемировская улица";4;4;15;0.133508;0.152451;0.017975;0.00649;0.00649;8;0.001324;0;0;0;0.09104
"кантемировской мост";2;2;16;0.124462;0.138794;0.013773;0.001057;0.001057;1;0.000794;0;0;0;0.027191
"улица савушкина";8;8;13;0.169237;0.202233;0.020026;0.097008;0.097008;9;0.002145;0;0.107143;3;0.449899
"госпитальная улица";7;7;15;0.183609;0.214456;0.022248;0.039538;0.039538;3;0.00207;0;0.142857;3;0.337981
"удаловская улица";2;2;15;0.154079;0.17361;0.000439;0.008867;0.008867;14;0.000724;0;0;0;0.097724
"московский переулок";2;2;15;0.165332;0.186967;0;0.013761;0.013761;3;0.000647;0;1;1;0.139812
"фильтровское шоссе";2;2;15;0.179355;0.205349;0.005951;0.020458;0.020458;3;0.000639;0;0;0;0.202591
"колпино";5;5;15;0.165901;0.192117;0.019414;0.024892;0.024891;14;0.001107;0;0;0;0.1853
"петро-славянка";3;3;15;0.150234;0.170934;0.005319;0.008779;0.008778;14;0.000848;0;0;0;0.100635
"вербная улица";3;3;16;0.114713;0.131542;0.000843;0.003701;0.003701;9;0.001067;0;0;0;0.053746
"проспект сизова";2;2;15;0.11952;0.135513;0.000013;0.003928;0.003928;9;0.000702;0;0;0;0.05193
"афонская улица";2;2;17;0.109263;0.122371;0.000089;0.000848;0.000848;9;0.000832;0;0;0;0.019523
"улица аккуратова";3;3;16;0.120887;0.135359;0.002512;0.001666;0.001666;9;0.001259;0;0;0;0.020358
"фермское шоссе";2;2;15;0.135638;0.152215;0.004576;0.008588;0.008588;9;0.000857;0;0;0;0.0325
3-я линия 1-й половины;2;2;16;0.113989;0.127627;0.000169;0.001108;0.001108;9;0.000868;0;0;0;0.018562
"скобелевский проспект";3;3;14;0.156216;0.181152;0.01771;0.052679;0.052679;9;0.001156;0;0;0;0.156514
"удельный проспект";2;2;15;0.135384;0.151438;0.008703;0.008544;0.008544;9;0.000938;0;0;0;0.030413
"поклонногорская улица";2;2;16;0.119454;0.131158;0.006429;0.001386;0.001386;9;0.001029;0;0;0;0.012269
"большая озёрная улица";2;2;17;0.106879;0.116156;0.004156;0.000225;0.000225;9;0.001078;0;0;0;0.009919
"приморская улица";2;2;18;0.097002;0.104978;0.00197;0.000037;0.000037;9;0.001099;0;0;0;0.009655
"новоорловская улица";2;2;19;0.089548;0.097316;0.000278;0.00001;0.00001;9;0.001102;0;0;0;0.009637
"заповедная улица";2;2;18;0.091562;0.099827;0.000632;0.000024;0.000024;9;0.001088;0;0;0;0.009719
"заповедная аллея";2;2;17;0.100627;0.110495;0.002767;0.00014;0.00014;9;0.00105;0;0;0;0.010477
"улица академика харитона";2;2;16;0.111698;0.124285;0.005041;0.000861;0.000861;9;0.000977;0;0;0;0.016207
"площадь аэропорта пулково-1";1;1;16;0.125707;0.138721;0;0.000702;0.000702;13;0.000562;0;0;0;0.0112
"улица сикейроса";2;2;14;0.156076;0.180731;0.000404;0.069544;0.069544;10;0.000607;0;0;0;0.20224
"выборгское шоссе";14;14;13;0.202665;0.249741;0.153901;0.295575;0.295575;12;0.003846;0;0.032967;3;1
"парголово";5;5;14;0.171751;0.200672;0.004611;0.154364;0.154364;12;0.001294;0;0.166667;1;0.451055
8-й верхний переулок;2;2;14;0.156611;0.182238;0.002644;0.06233;0.06233;10;0.000673;0;0;0;0.189047
"новоприозерское шоссе";3;3;14;0.167536;0.194716;0.00177;0.091446;0.091446;12;0.000875;0;0.333333;1;0.273797
"парнасский путепровод";1;1;14;0.155599;0.178251;0;0.049972;0.049972;12;0.000393;0;0;0;0.141229
3-й верхний переулок;1;1;14;0.155599;0.178251;0;0.049972;0.049972;12;0.000393;0;0;0;0.141229
"гражданский проспект";8;8;15;0.16014;0.191731;0.015353;0.139323;0.139323;10;0.00201;0;0.107143;3;0.481262
"меншиковский проспект";2;2;16;0.127369;0.144123;0.000013;0.008559;0.008559;8;0.000694;0;0;0;0.059719
"улица бутлерова";2;2;16;0.128845;0.14754;0.000094;0.017778;0.017778;10;0.000642;0;0;0;0.083253
"проспект науки";7;7;16;0.142294;0.167876;0.004072;0.07102;0.071021;10;0.001853;0;0.095238;2;0.269515
"северная площадь";2;2;16;0.138787;0.158882;0.000004;0.037423;0.037423;10;0.000556;0;0;0;0.139248
"кушелевская дорога";2;2;15;0.145567;0.166526;0.003482;0.025682;0.025682;8;0.000633;0;0;0;0.119342
"улица вавиловых";2;2;17;0.125525;0.142971;0.000005;0.026629;0.026629;10;0.000567;0;0;0;0.109448
"улица карпинского";2;2;16;0.141528;0.162722;0;0.035635;0.035635;10;0.000612;0;1;1;0.134835
"улица софьи ковалевской";2;2;17;0.125525;0.142971;0.000005;0.026629;0.026629;10;0.000567;0;0;0;0.109448
"проспект художников";7;7;15;0.153751;0.181128;0.005388;0.12385;0.12385;10;0.001765;0;0;0;0.39714
"улица ушинского";5;5;15;0.153424;0.178476;0.003271;0.096708;0.096709;10;0.001362;0;0;0;0.296182
"улица композиторов";4;4;15;0.166507;0.194726;0.008835;0.113899;0.113899;10;0.001112;0;0;0;0.346652
"улица черкасова";2;2;15;0.152346;0.173066;0.000567;0.040159;0.040159;10;0.000669;0;0;0;0.120675
"тимуровская улица";2;2;16;0.133078;0.148511;0.000002;0.02408;0.02408;10;0.000656;0;0;0;0.073462
"улица демьяна бедного";3;3;15;0.141436;0.163903;0.000346;0.055668;0.055668;10;0.00089;0;0;0;0.175077
"проспект культуры";9;9;15;0.154877;0.184192;0.018269;0.078199;0.0782;10;0.002968;0;0.027778;1;0.281023
"проспект кима";5;5;22;0.087232;0.099902;0.000084;0;0;0;0.001693;0;0.2;2;0.060211
"железноводская улица";2;2;22;0.087188;0.097787;0;0;0;0;0.000731;0;1;1;0.036303
"набережная реки смоленки";2;2;21;0.089483;0.099923;0.000099;0;0;0;0.000779;0;0;0;0.025983
"железноводсая улица";2;2;22;0.087188;0.097787;0;0;0;0;0.000731;0;1;1;0.036303
"лафонская улица";3;3;17;0.127556;0.140783;0.001374;0.000244;0.000244;6;0.001155;0;0;0;0.029258
"таврическая улица";2;2;17;0.131384;0.145636;0.001604;0.000491;0.000491;6;0.000769;0;0;0;0.0386
"оборонная улица";3;3;17;0.140223;0.156166;0.002491;0.001456;0.001456;14;0.000981;0;0.333333;1;0.054641
"банковский переулок";4;4;15;0.146899;0.165329;0.001477;0.002429;0.002429;6;0.001231;0;0.333333;2;0.078937
"тверской мост";3;3;16;0.134942;0.149913;0.000137;0.001158;0.001158;6;0.000965;0;0.666667;2;0.05942
"улица ремизова";4;4;15;0.158559;0.179956;0.007814;0.004551;0.004551;14;0.001219;0;0.166667;1;0.097646
"улица ижорского батальона";2;2;15;0.146329;0.163279;0.00064;0.001927;0.001927;6;0.000685;0;0;0;0.054811
"шпалерная улица";4;4;16;0.126054;0.139021;0.003119;0.000252;0.000252;6;0.001591;0;0;0;0.029111
"гагаринская улица";2;2;17;0.117543;0.12743;0.000883;0.000054;0.000054;1;0.00091;0;0;0;0.014671
"площадь растрелли";2;2;17;0.117194;0.127473;0.000135;0.000078;0.000078;6;0.000838;0;0;0;0.018184
"улица пестеля";2;2;18;0.1227;0.13283;0.001508;0.000091;0.000091;1;0.00094;0;0;0;0.01209
"набережная реки мойки";2;2;17;0.137423;0.150122;0.003406;0.000521;0.000521;1;0.000895;0;0;0;0.019224
"набережная лебяжьей канавки";4;4;16;0.158646;0.17779;0.030664;0.003203;0.003203;1;0.001517;0;0;0;0.062212
"миллионная улица";2;2;17;0.136988;0.149109;0.000796;0.000535;0.000535;1;0.000865;0;0;0;0.020403
"суворовская площадь";2;2;17;0.127163;0.137994;0.00017;0.00018;0.00018;1;0.000869;0;0;0;0.019584
"запорожская улица";2;2;19;0.109345;0.120692;0.002307;0.000061;0.000061;11;0.001021;0;0;0;0.019722
"улица грибакиных";1;1;20;0.098579;0.106312;0;0.00001;0.00001;11;0.000607;0;0;0;0.00619
"площадь тургенева";2;2;15;0.173957;0.19691;0;0.015886;0.015886;3;0.000684;0;1;1;0.153735
"павловское шоссе";4;4;15;0.170569;0.194594;0.005992;0.017733;0.017733;3;0.001381;0;0;0;0.158217
"конюшенная улица";6;6;14;0.18926;0.221723;0.041638;0.06886;0.06886;18;0.001636;0;0.133333;2;0.379919
"детскосельская улица";3;3;15;0.170367;0.193383;0.003549;0.014358;0.014358;3;0.00105;0;0;0;0.137904
"звериницкая улица";1;1;15;0.170133;0.191364;0;0.012945;0.012945;3;0.000416;0;0;0;0.117422
"улица ломоносова";2;2;15;0.170367;0.192768;0.000752;0.016682;0.016681;3;0.000708;0;0;0;0.142013
"леонтьевская улица";3;3;15;0.174377;0.199903;0.012672;0.017064;0.017064;11;0.000942;0;0;0;0.167657
"сампсониевский мост";2;2;16;0.131943;0.14424;0.006943;0.001474;0.001474;5;0.000933;0;0;0;0.018273
"балканская площадь";1;1;18;0.109956;0.122184;0;0.000719;0.000719;11;0.000422;0;0;0;0.028796
"проспект александровской фермы -улица бабушкина";1;1;19;0.10929;0.11977;0;0.00006;0.00006;11;0.000503;0;0;0;0.016079
"касимовская улица";4;4;17;0.125944;0.143225;0.000889;0.000996;0.000996;11;0.001289;0;0.166667;1;0.067322
"мгинская улица";3;3;17;0.125;0.140747;0.0001;0.000839;0.000839;11;0.001002;0;0.333333;1;0.056929
"грузинская улица";3;3;16;0.137357;0.154791;0.00056;0.001459;0.001459;11;0.000953;0;0.666667;2;0.068999
"набережная реки волковки";3;3;17;0.125926;0.142648;0.000596;0.000748;0.000748;11;0.001005;0;0.333333;1;0.055736
"средняя улица";5;5;15;0.154821;0.176836;0.012633;0.004755;0.004755;11;0.001541;0;0.1;1;0.099807
"камчатская улица";3;3;17;0.125598;0.141979;0.000572;0.000454;0.000454;3;0.00106;0;0;0;0.038837
"задворная улица";2;2;16;0.134586;0.149021;0.00056;0.000909;0.000909;11;0.000709;0;0;0;0.03601
"днепропетровская улица";3;3;17;0.124355;0.139588;0.000065;0.000369;0.000369;3;0.001115;0;0;0;0.032958
"расстанный переулок";3;3;17;0.125579;0.141787;0.00069;0.000415;0.000415;3;0.00107;0;0;0;0.036255
"кудрово";1;1;15;0.15961;0.18059;0;0.03845;0.03845;12;0.000367;0;0;0;0.118797
"юкки";3;3;15;0.16017;0.182667;0.00135;0.079629;0.079629;12;0.000625;0;0;0;0.251088
"торопец";2;2;15;0.159727;0.181648;0.004608;0.039461;0.039461;12;0.000808;0;0;0;0.125118
"тельмана";3;3;14;0.168874;0.192381;0.009143;0.080834;0.080834;12;0.000555;0;0;0;0.269915
"сапёрный";3;3;15;0.161663;0.183655;0.002139;0.044597;0.044597;14;0.000459;0;0;0;0.162408
"ушково";2;2;15;0.160022;0.182048;0.016036;0.039462;0.039462;12;0.000769;0;0;0;0.125515
"боровая улица";1;1;17;0.123206;0.13528;0;0.000232;0.000232;3;0.000512;0;0;0;0.012794
"придорожная аллея";2;2;16;0.124248;0.140105;0.000004;0.018187;0.018187;10;0.00065;0;0;0;0.064224
"улица руднева";4;4;15;0.141482;0.164672;0.001475;0.049372;0.049372;10;0.00118;0;0;0;0.159803
"сиреневый бульвар";3;3;16;0.133487;0.151183;0.000014;0.037759;0.037759;10;0.000864;0;0;0;0.125234
"поэтический бульвар";2;2;16;0.133364;0.149972;0.000004;0.027374;0.027374;10;0.000638;0;0;0;0.087728
"улица хошимина";2;2;14;0.172812;0.200873;0.002658;0.082914;0.082915;12;0.000621;0;0;0;0.258257
"улица симонова";2;2;15;0.141436;0.163422;0.000413;0.04015;0.04015;10;0.000708;0;0;0;0.12521
"анисимовская дорога";1;1;17;0.125543;0.140859;0;0.003665;0.003665;8;0.000419;0;0;0;0.045596
"токсовская улица";2;2;16;0.141389;0.161953;0.000213;0.026531;0.026531;18;0.000695;0;0;0;0.102786
"киришская улица";2;2;16;0.141389;0.161953;0.000147;0.030758;0.030758;10;0.000672;0;0;0;0.109886
"токсовский тоннель";2;2;16;0.145348;0.163062;0.000368;0.013413;0.013413;18;0.000724;0;0;0;0.062799
"улица корнея чуковского";2;2;16;0.139614;0.156507;0.002307;0.005669;0.005669;18;0.000945;0;0;0;0.038544
"кузнецовская улица";2;2;15;0.147299;0.167969;0.000185;0.009091;0.00909;3;0.000599;0;0;0;0.120169
"витебский мост";1;1;15;0.146354;0.165659;0;0.007196;0.007196;3;0.000371;0;0;0;0.085878
"пушкинская улица";4;4;15;0.169435;0.194712;0.008999;0.021307;0.021307;18;0.001241;0;0;0;0.180275
"улица пионерстроя";2;2;17;0.130337;0.150527;0.000131;0.003332;0.003332;2;0.000656;0;0;0;0.11123
"улица зины портовой";2;2;17;0.125361;0.142635;0.000011;0.002214;0.002214;2;0.000661;0;0;0;0.077815
"дорога на лэмз";1;1;17;0.130004;0.147643;0;0.001886;0.001886;2;0.000436;0;0;0;0.056778
"стрельна";3;3;16;0.139659;0.159945;0.008662;0.002783;0.002783;16;0.001217;0;0;0;0.071149
"санкт-петербургское шоссе";2;2;17;0.132935;0.154928;0.003491;0.002285;0.002285;18;0.000727;0;0;0;0.083407
"проспект буденного";1;1;17;0.130004;0.147643;0;0.001886;0.001886;2;0.000436;0;0;0;0.056778
"улица прокофьева";3;3;16;0.142857;0.160508;0.002496;0.024968;0.024968;10;0.001129;0;0;0;0.076634
"улица жени егоровой";1;1;17;0.125018;0.136142;0;0.003946;0.003946;10;0.000493;0;0;0;0.013984
"суздальское шоссе";2;2;14;0.170133;0.19567;0.008179;0.048744;0.048744;12;0.000717;0;0;0;0.160509
"автомобильная дорога а122";1;1;14;0.168546;0.192144;0;0.04671;0.04671;12;0.000406;0;0;0;0.147031
"левашово";1;1;15;0.146601;0.163139;0;0.024394;0.024394;12;0.000393;0;0;0;0.065757
"дорога на каменку";1;1;15;0.146601;0.163139;0;0.024394;0.024394;12;0.000393;0;0;0;0.065757
"улица шаврова";5;5;14;0.147249;0.173175;0.005635;0.031715;0.031714;9;0.001346;0;0;0;0.206161
"ольховая улица";2;2;15;0.122147;0.138395;0.00004;0.00424;0.004239;9;0.000711;0;0;0;0.04825
"площадь сикорского";3;3;15;0.121497;0.138588;0.000009;0.007251;0.007251;9;0.000888;0;0.333333;1;0.087527
"долгоозёрная улица";2;2;15;0.132853;0.151982;0.001094;0.008347;0.008347;9;0.000706;0;0;0;0.055494
"глухарская улица";3;3;14;0.144572;0.164558;0.001296;0.021035;0.021035;9;0.000914;0;0;0;0.112046
"проспект непокоренных";1;1;17;0.119159;0.134038;0;0.003011;0.003011;10;0.000435;0;0;0;0.031589
"улица ильюшина";4;4;14;0.145299;0.167649;0.001254;0.028823;0.028823;9;0.001054;0;0.166667;1;0.163152
"улица академика лебедева";1;1;17;0.108375;0.115604;0;0.000231;0.000231;5;0.000677;0;0;0;0.004839
"дворцовая улица";2;2;15;0.154216;0.175691;0.002932;0.007175;0.007175;13;0.000672;0;0;0;0.078535
"яхтенная улица";8;8;13;0.173504;0.207564;0.031196;0.104183;0.104183;9;0.002088;0;0.107143;3;0.502109
"туристская улица";5;5;14;0.158849;0.184992;0.003296;0.055535;0.055534;9;0.001264;0;0.1;1;0.29857
"улица генерала хазова";4;4;14;0.165743;0.191808;0.007219;0.024626;0.024626;9;0.001192;0;0;0;0.188627
"карельский переулок";2;2;14;0.157465;0.179164;0.000141;0.024222;0.024221;9;0.000634;0;0;0;0.124969
"бульвар алексея толстого";2;2;14;0.148307;0.166429;0.000368;0.00975;0.00975;9;0.000717;0;0;0;0.064374
"приморский проспект";4;4;14;0.149431;0.172018;0.025282;0.033513;0.033513;9;0.001376;0;0.166667;1;0.163023
"липовая аллея";2;2;14;0.145008;0.164639;0.000384;0.019939;0.019939;9;0.000629;0;0;0;0.098209
"торфяная дорога";4;4;15;0.131603;0.151163;0.000071;0.029164;0.029164;9;0.001075;0;0.333333;2;0.168516
"гаккелевская улица";5;5;15;0.133098;0.154573;0.000267;0.033636;0.033636;9;0.001266;0;0.3;3;0.202859
"стародеревенская улица";3;3;15;0.131503;0.149913;0.000011;0.026055;0.026055;9;0.000815;0;0.333333;1;0.148962
"политехническая улица";2;2;17;0.121259;0.136126;0.001123;0.007975;0.007975;10;0.000792;0;0;0;0.03597
"улица курчатова";2;2;17;0.111857;0.123288;0.000208;0.001521;0.001521;12;0.000899;0;0;0;0.013546
"институтский проспект";2;2;16;0.120904;0.132814;0.001391;0.001649;0.001649;12;0.000918;0;0;0;0.013284
"проспект девятого января";1;1;17;0.122044;0.133927;0;0.00047;0.00047;11;0.000542;0;0;0;0.013388
"улица чудновского";3;3;20;0.096045;0.107829;0.000005;0.000033;0.000033;4;0.000994;0;0;0;0.041256
"бугровский путепровод";1;1;16;0.134127;0.150545;0;0.012358;0.012358;10;0.000453;0;0;0;0.047818
"верхняя улица";2;2;16;0.134169;0.151314;0;0.014738;0.014738;10;0.000805;0;1;1;0.061289
6-й верхний переулок;2;2;16;0.134169;0.151314;0.001152;0.013008;0.013008;10;0.000824;0;0;0;0.054261
5-й верхний переулок;2;2;16;0.134169;0.151314;0.001152;0.013008;0.013008;10;0.000824;0;0;0;0.054261
1-й верхний переулок;3;3;16;0.13419;0.151891;0.002307;0.015063;0.015063;10;0.001241;0;0.333333;1;0.064547
"шоссейная улица";4;4;15;0.168644;0.196795;0.015671;0.036153;0.036153;18;0.001371;0;0;0;0.185843
"бугры";1;1;17;0.118329;0.129517;0;0.00238;0.00238;10;0.000524;0;0;0;0.013471
"морская набережная";2;2;23;0.076073;0.083275;0.000001;0;0;0;0.000902;0;0;0;0.013961
"сестрорецк";3;3;14;0.144356;0.16196;0.009195;0.026812;0.026812;16;0.000649;0;0;0;0.108268
"лахтинский проспект";1;1;13;0.165237;0.189004;0;0.03885;0.03885;16;0.000419;0;0;0;0.151192
"транспортная улица";5;5;13;0.165584;0.192272;0.004018;0.058007;0.058007;16;0.001647;0;0.3;3;0.234884
"приморского шоссе";1;1;13;0.165237;0.189004;0;0.03885;0.03885;16;0.000419;0;0;0;0.151192
"приморское шоссе боковой проезд приморского шоссе";2;2;13;0.165332;0.189966;0;0.048017;0.048017;16;0.000699;0;1;1;0.188997
"улица токарева";3;3;12;0.168448;0.193417;0.006548;0.049645;0.049645;16;0.001036;0;0.333333;1;0.201608
"северный переулок";2;2;12;0.171581;0.196345;0.002434;0.042814;0.042814;16;0.000693;0;0;0;0.18306
"рощинское шоссе";2;2;13;0.1653;0.189773;0.000318;0.044223;0.044223;13;0.000742;0;0;0;0.17594
"средневыборгское шоссе";3;3;13;0.165363;0.190542;0.004611;0.040892;0.040892;16;0.001375;0;0;0;0.162946
"автомобильная дорога а123";2;2;13;0.1653;0.189773;0.002307;0.039845;0.039845;16;0.000886;0;0;0;0.156716
"марьино";2;2;15;0.159669;0.181359;0.002307;0.039435;0.039435;12;0.000804;0;0;0;0.123783
"порошкино";2;2;16;0.148383;0.167595;0.000319;0.017266;0.017266;12;0.000607;0;0;0;0.073499
"подъезд к трк ""мега парнас""";2;2;15;0.151839;0.172757;0.000734;0.019133;0.019134;12;0.000678;0;0;0;0.07619
"улица советов";1;1;16;0.141783;0.157266;0;0.004682;0.004682;12;0.00043;0;0;0;0.034935
"улица дорожников";2;2;15;0.155404;0.17482;0;0.013135;0.013135;12;0.000669;0;1;1;0.101168
"улица калинина";1;1;15;0.151573;0.1702;0;0.008363;0.008363;13;0.000457;0;0;0;0.05264
"улица новые места";1;1;15;0.151573;0.1702;0;0.008363;0.008363;13;0.000457;0;0;0;0.05264
"кузьминское шоссе";2;2;14;0.159287;0.183725;0.000472;0.014787;0.014787;13;0.000694;0;0;0;0.11066
"улица маршала говорова";1;1;17;0.122078;0.134939;0;0.000572;0.000572;2;0.000557;0;0;0;0.016565
"коннолахтинский проспект";2;2;15;0.153261;0.172241;0.013761;0.013689;0.013689;13;0.000895;0;0;0;0.055042
1-я конная лахта;2;2;16;0.133118;0.146227;0.011481;0.00222;0.00222;13;0.001021;0;0;0;0.01545
3-я конная лахта;2;2;17;0.117623;0.127571;0.009195;0.00036;0.00036;13;0.0011;0;0;0;0.010265
"коннолахтинская дорога";2;2;18;0.105333;0.113362;0.006904;0.000058;0.000058;13;0.001161;0;0;0;0.009622
"ивинская улица";2;2;19;0.095348;0.102046;0.004608;0.000009;0.000009;13;0.001226;0;0;0;0.009227
"юнтоловский проспект";2;2;20;0.087074;0.092635;0.002307;0.000002;0.000002;13;0.001316;0;0;0;0.007847
"гладышевский проспект";1;1;21;0.080107;0.084185;0;0;0;13;0.000732;0;0;0;0.004417
"улица дмитрия устинова";4;4;17;0.124676;0.137521;0.002687;0.000325;0.000325;17;0.000822;0;0;0;0.043364
"прибрежная улица";3;3;17;0.124676;0.137521;0.001919;0.000301;0.000301;17;0.000822;0;0;0;0.033533
"советский проспект";5;5;15;0.160526;0.182698;0.034293;0.00899;0.00899;17;0.001477;0;0;0;0.094602
"тепловозная улица";3;3;18;0.110898;0.119961;0.000001;0.00015;0.00015;17;0.000581;0;0;0;0.033705
"караваевская улица";2;2;18;0.110898;0.119961;0.000001;0.000099;0.000099;17;0.000581;0;0;0;0.021635
"усть-ижора";7;7;15;0.1602;0.18252;0.007713;0.016937;0.016936;14;0.001089;0;0;0;0.15185
"жуков переулок";2;2;16;0.138609;0.152904;0.006832;0.001495;0.001495;17;0.000798;0;0;0;0.027434
"петрозаводское шоссе";4;4;14;0.179764;0.206547;0.034784;0.034047;0.034047;18;0.001311;0;0;0;0.183227
"металлострой";3;3;16;0.142928;0.159253;0.000284;0.00674;0.00674;14;0.000545;0;0;0;0.078238
"понтонный";4;4;15;0.147224;0.164345;0.001145;0.019448;0.019448;14;0.000435;0;0;0;0.113955
"загородная улица";3;3;14;0.174939;0.198517;0.004953;0.020913;0.020912;6;0.00081;0;0;0;0.132861
"челябинская улица";2;2;18;0.105462;0.114888;0.004608;0.000044;0.000044;17;0.001126;0;0;0;0.010686
"челябинский мост";2;2;19;0.095432;0.102759;0.002307;0.000007;0.000007;17;0.00125;0;0;0;0.008027
"шуваловский проспет";1;1;15;0.129946;0.143736;0;0.004502;0.004502;9;0.000458;0;0;0;0.025078
"выборгская набережная";2;2;15;0.131384;0.145925;0.002792;0.005438;0.005437;7;0.000878;0;0;0;0.032446
"зсд";2;2;15;0.130337;0.145026;0.018305;0.005435;0.005435;15;0.000896;0;0;0;0.032437
"домостроительная улица";2;2;17;0.118346;0.130094;0.000001;0.004111;0.004111;10;0.000874;0;0;0;0.022547
"гостилицкая улица";2;2;15;0.147449;0.166949;0.006819;0.008798;0.008798;18;0.00079;0;0;0;0.054059
"ульяновская улица";2;2;15;0.146354;0.164436;0.002894;0.008752;0.008752;18;0.00085;0;0;0;0.046143
"тихоокеанская улица";1;1;15;0.146107;0.163063;0;0.008519;0.008519;13;0.00047;0;0;0;0.040064
"красногородская улица";2;2;15;0.140838;0.156114;0.004608;0.004496;0.004496;13;0.001071;0;0;0;0.026963
"нарвская улица";2;2;16;0.123504;0.134169;0.002307;0.000729;0.000729;13;0.001213;0;0;0;0.010042
"кингисеппское шоссе";1;1;17;0.109942;0.117277;0;0.000115;0.000115;13;0.000689;0;0;0;0.004646
"улица спирина";2;2;15;0.140747;0.15573;0.002307;0.004493;0.004493;13;0.001111;0;0;0;0.025587
"геологическая улица";1;1;16;0.123399;0.133181;0;0.00071;0.00071;13;0.000645;0;0;0;0.006592
"дорога к госплемзаводу ""лесное""";1;1;15;0.143069;0.157948;0;0.002769;0.002769;13;0.000497;0;0;0;0.022529
"главная улица";2;2;14;0.170267;0.191628;0.001068;0.020104;0.020104;3;0.000709;0;0;0;0.117027
"садовая улица – детскосельская улица";2;2;14;0.170301;0.191724;0.001498;0.018236;0.018236;3;0.000721;0;0;0;0.101335
"дорога на александровку";2;2;14;0.170067;0.190897;0.002307;0.017744;0.017744;3;0.00088;0;0;0;0.094017
"кадетский бульвар";4;4;14;0.170367;0.19307;0.002821;0.023643;0.023643;3;0.001372;0;0;0;0.14215
"горское шоссе";2;2;14;0.150442;0.1722;0.002307;0.022551;0.022551;16;0.000863;0;0;0;0.081097
"проспект маршака";1;1;17;0.122527;0.13341;0;0.000896;0.000896;18;0.000574;0;0;0;0.008539
"павловск";1;1;16;0.136171;0.147846;0;0.002797;0.002797;3;0.000344;0;0;0;0.021708
"тярлево";3;3;15;0.157608;0.176223;0.002307;0.017702;0.017702;3;0.000603;0;0;0;0.131931
"сестрорецкое шоссе";1;1;15;0.15291;0.172511;0;0.01444;0.01444;18;0.000458;0;0;0;0.064931
"новое шоссе";2;2;15;0.153072;0.173722;0.001943;0.014891;0.014891;18;0.000846;0;0;0;0.071062
"центральный проезд";2;2;15;0.152964;0.17328;0.002307;0.01481;0.01481;18;0.000946;0;0;0;0.069121
"санинское шоссе";2;2;15;0.153126;0.173819;0.003322;0.014824;0.014824;18;0.000863;0;0;0;0.070856
"бабигонская дорога";2;2;15;0.153642;0.174614;0.006843;0.014832;0.014832;18;0.000863;0;0;0;0.072396
"октябрьский бульвар";5;5;15;0.167991;0.194236;0.002843;0.031774;0.031773;18;0.00141;0;0;0;0.231874
"улица вячеслава шишкова";2;2;15;0.142248;0.158139;0.000103;0.005432;0.005432;9;0.000731;0;0;0;0.043712
"ахматовская улица";2;2;15;0.159492;0.179452;0;0.016017;0.016017;18;0.000651;0;1;1;0.126701
"московская улица";2;2;14;0.163678;0.184154;0.000403;0.013813;0.013813;18;0.000664;0;0;0;0.115112
"захаржевская улица";2;2;15;0.154628;0.171134;0.000027;0.006539;0.006539;3;0.000758;0;0;0;0.05211
"улица александра матросова";3;3;16;0.146009;0.162002;0.002492;0.003655;0.003655;3;0.001205;0;0;0;0.044254
"дорога к казанскому кладбищу";1;1;16;0.137685;0.150529;0;0.002672;0.002672;13;0.000507;0;0;0;0.018467
"широкая улица";2;2;15;0.156048;0.176354;0.00006;0.013474;0.013474;18;0.000651;0;0;0;0.10364
"вишерская улица";1;1;16;0.144911;0.159562;0;0.003367;0.003367;18;0.000436;0;0;0;0.02972
"заводской проспект";5;5;16;0.149819;0.169;0.005416;0.005292;0.005292;14;0.001481;0;0.1;1;0.077244
"бульвар трудящихся";4;4;15;0.157037;0.176708;0.005229;0.007061;0.007061;14;0.001151;0;0.166667;1;0.087438
"васнецовский проспект";1;1;20;0.087127;0.09241;0;0.000001;0.000001;17;0.000704;0;0;0;0.004436
"левашовское шоссе";1;1;15;0.130789;0.144348;0;0.003564;0.003564;16;0.00054;0;0;0;0.014142
"улица веры слуцкой";3;3;15;0.14823;0.164722;0.001107;0.00412;0.00412;14;0.000915;0;0.333333;1;0.067041
"улица машиностроителей";2;2;16;0.13701;0.150277;0.000003;0.001952;0.001952;14;0.000669;0;0;0;0.035583
"оборонный мост";2;2;17;0.134335;0.147162;0;0.001066;0.001066;14;0.000703;0;1;1;0.030486
"пролетарская улица";7;7;14;0.167991;0.192954;0.022768;0.013719;0.013719;14;0.002025;0;0.095238;2;0.159066
"большой ижорский мост";2;2;15;0.149457;0.165452;0;0.002887;0.002887;14;0.000678;0;1;1;0.051839
"улица пограничников";2;2;14;0.144308;0.157903;0.001152;0.004172;0.004172;16;0.000815;0;0;0;0.037791
"улица борисова";2;2;14;0.144308;0.157903;0.001152;0.004172;0.004172;16;0.000815;0;0;0;0.037791
"бульвар свободы";4;4;14;0.158908;0.179008;0.004161;0.0072;0.0072;14;0.001274;0;0.166667;1;0.077224
"дорога к домостроительному комбинату";2;2;14;0.15318;0.171506;0.003448;0.007568;0.007568;14;0.000865;0;0;0;0.058861
"дорога на дск";2;2;14;0.15318;0.171506;0.003448;0.007568;0.007568;14;0.000865;0;0;0;0.058861
"новодеревенская улица";2;2;14;0.153072;0.170929;0.00036;0.008571;0.008571;14;0.000773;0;0;0;0.066443
"северская улица";2;2;14;0.153072;0.170929;0.002307;0.007354;0.007354;14;0.000958;0;0;0;0.053329
"автозаводской проезд";1;1;17;0.126366;0.139028;0;0.00052;0.00052;1;0.000491;0;0;0;0.016702
"проспект будённого";2;2;17;0.122596;0.135918;0.002307;0.000451;0.000451;16;0.00104;0;0;0;0.017926
"нелидово";1;1;17;0.121123;0.130372;0;0.001011;0.001011;12;0.000614;0;0;0;0.006321
"западная двина";2;2;16;0.137794;0.151814;0.002307;0.006396;0.006396;12;0.001038;0;0;0;0.023775
"санкт-петербургский проспект";9;9;16;0.143496;0.167745;0.016631;0.002522;0.002522;18;0.003088;0;0;0;0.113699
"петергофская улица";3;3;16;0.131344;0.14835;0.003328;0.000695;0.000695;18;0.001227;0;0;0;0.044931
"разводная улица";4;4;16;0.140907;0.159474;0.002517;0.001902;0.001902;18;0.001386;0;0;0;0.065625
"собственный проспект бобыльская дорога";2;2;17;0.126532;0.141752;0.000514;0.000466;0.000466;18;0.000796;0;0;0;0.036114
"рубинштейнская улица";2;2;16;0.131304;0.147581;0.001021;0.000678;0.000678;18;0.000784;0;0;0;0.040624
"мастеровой переулок";2;2;17;0.125579;0.140376;0.000139;0.000496;0.000496;18;0.000778;0;0;0;0.036373
"бобыльская дорога";2;2;17;0.126532;0.141752;0.000514;0.000466;0.000466;18;0.000796;0;0;0;0.036114
"бульвар красных курсантов";5;5;16;0.133838;0.151716;0.006653;0.001768;0.001768;18;0.001881;0;0;0;0.05152
"заячий проспект";1;1;17;0.116111;0.126805;0;0.00011;0.00011;18;0.00052;0;0;0;0.011812
"чичеринская улица";3;3;17;0.121514;0.134987;0.001111;0.000589;0.000589;18;0.001271;0;0;0;0.026017
"улица халтурина";3;3;17;0.122909;0.13673;0.00063;0.000427;0.000427;18;0.001169;0;0;0;0.032984
"ботаническая улица";2;2;16;0.12875;0.142451;0.000806;0.001476;0.001476;18;0.000894;0;0;0;0.018311
"гостилицкое шоссе";2;2;17;0.121701;0.133963;0.000876;0.000485;0.000485;18;0.000938;0;0;0;0.015929
"зеленогорск";1;1;18;0.091668;0.096912;0;0.000018;0.000018;16;0.000669;0;0;0;0.004438
"комарово";2;2;17;0.100908;0.108182;0.002307;0.000114;0.000114;16;0.001167;0;0;0;0.008062
"репино";2;2;16;0.112189;0.121525;0.004608;0.000705;0.000705;16;0.001001;0;0;0;0.011112
"солнечное";2;2;15;0.126274;0.138614;0.006904;0.004349;0.004349;16;0.000782;0;0;0;0.023984
"улица белинского";2;2;16;0.130828;0.142839;0.002489;0.000535;0.000535;7;0.000976;0;0;0;0.016535
"литейный проспект";2;2;16;0.120266;0.130137;0.001172;0.000226;0.000226;7;0.001;0;0;0;0.010886
"пироговская набережная";2;2;16;0.121191;0.131797;0.001266;0.000895;0.000895;7;0.000971;0;0;0;0.012786
e18;2;2;16;0.115538;0.126429;0.016036;0.000882;0.000882;15;0.001013;0;0;0;0.012687
e75;2;2;17;0.103733;0.112496;0.013761;0.000143;0.000143;15;0.001082;0;0;0;0.009984
hämeentie;2;2;18;0.094096;0.101545;0.011481;0.000023;0.000023;15;0.001125;0;0;0;0.009662
sturenkatu;2;2;19;0.08608;0.092642;0.009195;0.000004;0.000004;15;0.001159;0;0;0;0.009621
helsinginkatu;2;2;20;0.079308;0.085196;0.006904;0.000001;0.000001;15;0.001194;0;0;0;0.009561
mannerheimintie;2;2;21;0.073512;0.078796;0.004608;0;0;15;0.001246;0;0;0;0.009222
pohjoinen rautatiekatu;2;2;22;0.068494;0.073087;0.002307;0;0;15;0.001329;0;0;0;0.007846
eteläinen rautatiekatu;1;1;23;0.064108;0.067501;0;0;0;15;0.000738;0;0;0;0.004417
"гуммолосаровская улица";3;3;15;0.163647;0.184407;0.001935;0.017892;0.017892;3;0.000958;0;0.333333;1;0.127034
"ольгино";1;1;16;0.137706;0.150891;0;0.006232;0.006232;12;0.000515;0;0;0;0.020156
"улица григорьева";1;1;16;0.10527;0.110899;0;0.000043;0.000043;16;0.000671;0;0;0;0.004556
"ермоловский проспект";2;2;15;0.117639;0.125774;0.002307;0.000271;0.000271;16;0.001171;0;0;0;0.008987
"улица коммунаров";2;2;14;0.133262;0.14451;0.004608;0.001671;0.001671;16;0.001008;0;0;0;0.017167
"набережная реки сестры";2;2;15;0.126164;0.135482;0.000001;0.001319;0.001319;16;0.000866;0;0;0;0.01818
"приморское шоссе- транспортная улица";2;2;13;0.151282;0.16729;0.000595;0.009526;0.009526;16;0.000763;0;0;0;0.050835
"тарховский проспект";3;3;15;0.130415;0.142102;0.009558;0.000471;0.000471;17;0.001321;0;0;0;0.019722
"федотовская дорожка";2;2;16;0.115477;0.124107;0.006904;0.000076;0.000076;17;0.001037;0;0;0;0.012018
"проспект красных командиров";2;2;17;0.103584;0.110481;0.004608;0.000012;0.000012;17;0.001152;0;0;0;0.009703
"большая горская улица";2;2;18;0.093892;0.099482;0.002307;0.000002;0.000002;17;0.001267;0;0;0;0.00792
"проспект муромцева";1;1;19;0.085842;0.089873;0;0;0;17;0.000711;0;0;0;0.004426
"дегтярёв переулок";2;2;14;0.142131;0.158161;0;0.011132;0.011131;16;0.000765;0;1;1;0.050013
"улица инструментальщиков";3;3;13;0.145739;0.162105;0.000126;0.012431;0.012431;16;0.001102;0;0.333333;1;0.0586
"белоостровское шоссе";2;2;16;0.139659;0.154456;0.000513;0.002855;0.002855;18;0.000915;0;0;0;0.020563
"пограничная улица";2;2;16;0.144717;0.160226;0.000895;0.003175;0.003175;18;0.0009;0;0;0;0.02746
"средневыборгский путепровод";1;1;14;0.141922;0.156692;0;0.006462;0.006462;16;0.000562;0;0;0;0.02631
"линдуловская дорога";1;1;14;0.141922;0.156692;0;0.006462;0.006462;16;0.000562;0;0;0;0.02631
4-й рыбацкий проезд;2;2;16;0.130671;0.144114;0.002307;0.001423;0.001423;14;0.000877;0;0;0;0.02143
"адмиралтейский мост";2;2;15;0.141228;0.156471;0;0.00201;0.00201;14;0.000703;0;1;1;0.040951
"площадь коммуны";2;2;15;0.139816;0.155182;0.000007;0.002111;0.002111;14;0.000709;0;0;0;0.043909
"соборная улица";3;3;15;0.161003;0.180128;0.003272;0.005915;0.005915;6;0.000928;0;0;0;0.062788
"заводская улица";2;2;15;0.152829;0.169202;0.002164;0.005597;0.005597;18;0.000847;0;0;0;0.037176
"набережная комсомольского канала";3;3;15;0.14281;0.158909;0.000501;0.002043;0.002043;6;0.000962;0;0.333333;1;0.056916
"лагерное шоссе";3;3;16;0.143686;0.160295;0.003197;0.003087;0.003087;18;0.001404;0;0;0;0.033336
"вознесенское шоссе";2;2;16;0.141574;0.157574;0.006904;0.002867;0.002867;18;0.001005;0;0;0;0.028708
"первомайская улица";1;1;17;0.125652;0.136179;0;0.000488;0.000488;18;0.000571;0;0;0;0.0088
"южная улица";2;2;16;0.137641;0.150884;0.00067;0.001372;0.001372;18;0.000931;0;0;0;0.017352
"северный проезд";1;1;16;0.132691;0.145268;0;0.00234;0.00234;18;0.000575;0;0;0;0.013176
"берёзовая улица";3;3;15;0.154628;0.171653;0.000552;0.005912;0.005912;3;0.001078;0;0;0;0.054179
"березовая улица";2;2;16;0.145788;0.160464;0.00017;0.003031;0.003031;3;0.000772;0;0;0;0.036706
"улица мичурина";4;4;16;0.142224;0.158452;0.000565;0.004818;0.004818;3;0.001419;0;0;0;0.053019
"горная улица";1;1;17;0.127425;0.137344;0;0.000578;0.000578;3;0.000514;0;0;0;0.010608
"бульвар разведчиков";2;2;17;0.123557;0.135619;0.00002;0.000538;0.000538;18;0.000777;0;0;0;0.02571
"бульвар разведчика";3;3;17;0.123592;0.136388;0.000047;0.000617;0.000617;18;0.001108;0;0;0;0.03523
"блан-менильская улица";3;3;16;0.138454;0.153356;0.002071;0.001504;0.001504;18;0.001094;0;0;0;0.038996
"улица шахматова";3;3;16;0.134148;0.149366;0.004761;0.002483;0.002483;18;0.001429;0;0;0;0.023489
"университетский проспект";1;1;17;0.118297;0.128124;0;0.000392;0.000392;18;0.000578;0;0;0;0.007466
"улица свердлова";1;1;18;0.109221;0.118209;0;0.000071;0.000071;16;0.000615;0;0;0;0.005845
"сашинская дорога";2;2;16;0.139031;0.152455;0.001536;0.001149;0.001149;18;0.000934;0;0;0;0.018758
"улица братьев горкушенко";2;2;16;0.131563;0.142524;0.000532;0.000566;0.000566;18;0.000975;0;0;0;0.011847
"санинская дорога";2;2;16;0.134086;0.148139;0.001309;0.002432;0.002432;18;0.000954;0;0;0;0.018611
"финляндская улица";4;4;15;0.132975;0.14653;0.004612;0.002518;0.002518;14;0.001881;0;0;0;0.031928
"дорога к комбинату строительных материалов";1;1;16;0.117384;0.125986;0;0.000398;0.000398;14;0.000573;0;0;0;0.009402
"дорога к ксм";1;1;16;0.117384;0.125986;0;0.000398;0.000398;14;0.000573;0;0;0;0.009402
"елизаветинская улица";2;2;16;0.155321;0.173092;0.006904;0.006413;0.006413;3;0.000872;0;0;0;0.060223
"ростовская улица";1;1;15;0.132772;0.143915;0;0.001162;0.001162;14;0.00058;0;0;0;0.010781
"александровская";1;1;15;0.145372;0.157891;0;0.002804;0.002804;3;0.000547;0;0;0;0.016223
"мариинская улица";2;2;17;0.134544;0.146538;0.004608;0.00104;0.00104;3;0.001055;0;0;0;0.016233
"улица обороны";2;2;18;0.118637;0.127338;0.002307;0.000169;0.000169;3;0.001202;0;0;0;0.008685
"снт павловское-2 0-я линия";1;1;19;0.106068;0.112126;0;0.000027;0.000027;3;0.000684;0;0;0;0.004502
"понтонная улица";2;2;17;0.124105;0.135463;0.004608;0.000465;0.000465;18;0.001134;0;0;0;0.011782
"понтонный проезд";2;2;18;0.110446;0.118943;0.002307;0.000075;0.000075;18;0.001254;0;0;0;0.00814
"колпинская улица";1;1;19;0.099472;0.105505;0;0.000012;0.000012;18;0.000706;0;0;0;0.004445
3-й рыбацкий проезд;1;1;17;0.115585;0.12456;0;0.000225;0.000225;14;0.000545;0;0;0;0.006192
"улица 50-ти лет октября";2;2;16;0.141251;0.156566;0.000934;0.002894;0.002894;18;0.000886;0;0;0;0.027114
"солнечная улица";2;2;16;0.127801;0.141095;0.000091;0.001123;0.001123;18;0.000889;0;0;0;0.018181
"автомобильная дорога а120";2;2;15;0.152319;0.170529;0.002307;0.013314;0.013314;13;0.000969;0;0;0;0.051036
"дорога на подгорное";1;1;16;0.132205;0.143735;0;0.002104;0.002104;13;0.000584;0;0;0;0.009865
"пеники";2;2;15;0.133344;0.149025;0.004608;0.004908;0.004908;16;0.000928;0;0;0;0.026183
"большая ижора";2;2;16;0.117703;0.128778;0.002307;0.000795;0.000795;16;0.001118;0;0;0;0.010216
"лебяжье";1;1;17;0.105321;0.113022;0;0.000126;0.000126;16;0.000648;0;0;0;0.004702
"нагорная улица";1;1;16;0.144332;0.160453;0;0.005713;0.005713;18;0.000464;0;0;0;0.031824
"автомобильная дорога н63";1;1;14;0.141875;0.156403;0;0.006297;0.006297;16;0.000549;0;0;0;0.024682
"серово  молодёжное";2;2;16;0.138233;0.152741;0.013761;0.0064;0.0064;12;0.000945;0;0;0;0.025556
"смолячково";2;2;17;0.121633;0.132348;0.011481;0.001038;0.001038;12;0.001049;0;0;0;0.011547
"приветнинское";2;2;18;0.108565;0.117105;0.009195;0.000168;0.000168;12;0.001116;0;0;0;0.009817
"песочное";2;2;19;0.09801;0.105154;0.006904;0.000027;0.000027;12;0.00117;0;0;0;0.009578
"пески";2;2;20;0.089308;0.09542;0.004608;0.000004;0.000004;12;0.001231;0;0;0;0.009223
"боровое";2;2;21;0.082009;0.087166;0.002307;0.000001;0.000001;12;0.00132;0;0;0;0.007846
"озерки";1;1;22;0.0758;0.079588;0;0;0;12;0.000734;0;0;0;0.004417
