Label;degree;weighted degree;Eccentricity;closnesscentrality;harmonicclosnesscentrality;betweenesscentrality;Authority;Hub;modularity_class;pageranks;clustering;triangles;eigencentrality;componentnumber
"наличная улица";76;76;5;0.366132;0.420165;0.005744;0.067474;0.067475;0;0.00219;0.401081;1113;0.361232;0
"малый проспект в.о.";64;64;5;0.358116;0.407478;0.002952;0.059731;0.059731;0;0.00188;0.436508;880;0.313252;0
"гаванская улица";55;55;5;0.360799;0.406132;0.002599;0.057276;0.057277;0;0.001619;0.489562;727;0.298609;0
"большой проспект в.о.";52;52;5;0.346939;0.392695;0.001573;0.044243;0.044243;0;0.001518;0.576471;735;0.242848;0
"детская улица";48;48;5;0.346661;0.391542;0.00108;0.043964;0.043964;0;0.001441;0.594858;671;0.236085;0
"средний проспект в.о.";58;58;4;0.38465;0.428874;0.001838;0.069232;0.069232;0;0.00161;0.49812;795;0.361469;0
22-я и 23-я линии;36;36;5;0.33079;0.367705;0.000566;0.032615;0.032615;0;0.001118;0.714286;450;0.176569;0
"большой проспект в.о";25;25;5;0.329407;0.361361;0;0.027256;0.027256;0;0.000802;1;300;0.145467;0
8-я и 9-я линии в.о.;73;73;4;0.390189;0.441561;0.009247;0.073332;0.073332;0;0.002125;0.395358;1039;0.38311;0
1-я и кадетская линии в.о.;49;49;5;0.3599;0.402672;0.001403;0.055235;0.055235;0;0.001452;0.537415;632;0.285825;0
"тучков мост";39;39;5;0.331169;0.369435;0.000325;0.035495;0.035495;0;0.001182;0.716599;531;0.192152;0
"большой проспект п.с.";71;71;5;0.375;0.428316;0.004061;0.069712;0.069713;0;0.001999;0.431056;1041;0.378211;0
"ждановская набережная";41;41;5;0.361401;0.403422;0.000517;0.048057;0.048057;0;0.001214;0.653659;536;0.253389;0
"малый проспект п.с.";41;41;5;0.361401;0.403422;0.000517;0.048057;0.048057;0;0.001214;0.653659;536;0.253389;0
"пионерская улица";41;41;5;0.361401;0.403422;0.000517;0.048057;0.048057;0;0.001214;0.653659;536;0.253389;0
"чкаловский проспект";41;41;5;0.361401;0.403422;0.000517;0.048057;0.048057;0;0.001214;0.653659;536;0.253389;0
"улица ленина";35;35;4;0.373868;0.408401;0.005073;0.034469;0.03447;0;0.001115;0.579832;345;0.194671;0
"большая пушкарская улица";58;58;5;0.34107;0.387601;0.001631;0.04863;0.04863;0;0.0017;0.484574;801;0.26728;0
"каменноостровский проспект";113;113;4;0.426044;0.486255;0.021132;0.103598;0.103599;0;0.003159;0.270753;1683;0.562959;0
"силин мост";47;47;5;0.375487;0.416359;0.000781;0.055556;0.055557;0;0.001375;0.595745;644;0.287922;0
"ушаковский мост";63;63;5;0.384309;0.430873;0.0021;0.065408;0.065408;0;0.001817;0.460317;899;0.34607;0
"улица академика крылова";63;63;5;0.384309;0.430873;0.0021;0.065408;0.065408;0;0.001817;0.460317;899;0.34607;0
"торжковская улица";97;97;5;0.420262;0.477874;0.025143;0.09409;0.09409;0;0.002808;0.265464;1236;0.515231;0
"набережная черной речки";25;25;5;0.329407;0.361361;0;0.027256;0.027256;0;0.000802;1;300;0.145467;0
"ланское шоссе";39;39;5;0.366906;0.40544;0.002725;0.038315;0.038315;0;0.00122;0.539811;400;0.214278;0
"новосибирская улица";46;46;5;0.372903;0.415436;0.006362;0.041338;0.041338;0;0.001441;0.434783;450;0.239607;0
"университетская набережная";40;40;4;0.372263;0.4109;0.001534;0.051668;0.051668;0;0.001221;0.538462;420;0.260348;0
"благовещенский мост";32;32;5;0.330664;0.365571;0.000082;0.034306;0.034306;0;0.001024;0.725806;360;0.173646;0
"площадь труда";50;50;4;0.379431;0.422049;0.001894;0.062262;0.062262;0;0.001507;0.506122;620;0.320744;0
"набережная крюкова канала";76;76;4;0.407233;0.458381;0.00486;0.101887;0.101888;0;0.002177;0.397895;1134;0.509205;0
"большая морская улица";54;54;4;0.379763;0.42426;0.001506;0.074215;0.074215;0;0.00158;0.549266;786;0.363759;0
"улица глинки";76;76;4;0.407233;0.458381;0.00486;0.101887;0.101888;0;0.002177;0.397895;1134;0.509205;0
"улица декабристов";81;81;4;0.427726;0.476451;0.011813;0.097206;0.097206;0;0.002316;0.371203;1173;0.513758;0
"английский проспект";48;48;4;0.395529;0.436082;0.002329;0.068711;0.068711;0;0.001456;0.562943;635;0.342162;0
"проспект римского-корсакова";48;48;4;0.395529;0.436082;0.002329;0.068711;0.068711;0;0.001456;0.562943;635;0.342162;0
"площадь репина";56;56;4;0.41404;0.45569;0.004719;0.07805;0.07805;0;0.001674;0.482468;743;0.390465;0
"старо-петергофский проспект";70;70;4;0.427094;0.471646;0.009268;0.080294;0.080294;0;0.002114;0.38491;903;0.420109;0
"ново-калинкин мост";26;26;4;0.355328;0.385909;0.000879;0.028801;0.028801;0;0.000899;0.692308;225;0.15205;0
"нарвский проспект";29;29;4;0.358709;0.390619;0.001459;0.02948;0.02948;0;0.001014;0.576355;234;0.15487;0
"площадь стачек";18;18;5;0.32387;0.350673;0;0.023525;0.023525;0;0.000635;1;153;0.116652;0
"улица кораблестроителей";56;56;5;0.344869;0.39258;0.001747;0.047664;0.047664;0;0.001663;0.496296;737;0.256329;0
"новосмоленская набережная";54;54;5;0.344595;0.391426;0.001341;0.047385;0.047385;0;0.001587;0.521045;718;0.254333;0
"улица нахимова";53;53;5;0.344732;0.392003;0.001572;0.047529;0.047529;0;0.00162;0.493469;680;0.250383;0
"шкиперский проток";14;14;5;0.32387;0.35271;0;0.017481;0.017481;0;0.000523;1;91;0.090764;0
22-я и 23-я линии в.о.;30;30;5;0.328409;0.365782;0.000109;0.029957;0.029958;0;0.000951;0.793103;345;0.159967;0
"дворцовый мост";56;56;4;0.383798;0.430411;0.00163;0.064879;0.064879;0;0.001623;0.457143;704;0.337089;0
"дворцовый проезд";56;56;4;0.383798;0.430411;0.00163;0.064879;0.064879;0;0.001623;0.457143;704;0.337089;0
"невский проспект";168;168;4;0.466129;0.540946;0.046762;0.190211;0.190212;0;0.004601;0.193637;2684;1;0
"улица одоевского";27;27;5;0.308541;0.340254;0.000076;0.019371;0.019371;0;0.000855;0.870769;283;0.109583;0
"проспект кима";32;32;5;0.309091;0.343137;0.000135;0.021788;0.021788;0;0.001003;0.780645;363;0.123487;0
"железноводская улица";18;18;5;0.283241;0.308574;0.000006;0.011995;0.011995;0;0.000677;0.869281;133;0.066996;0
"уральская улица";32;32;5;0.309091;0.343137;0.000135;0.021788;0.021788;0;0.001003;0.780645;363;0.123487;0
16-я и 17-я линии в.о.;10;10;5;0.282502;0.30396;0;0.007185;0.007185;0;0.000448;1;45;0.040083;0
"набережная реки смоленки";10;10;5;0.282502;0.30396;0;0.007185;0.007185;0;0.000448;1;45;0.040083;0
"набережная макарова";25;25;5;0.308541;0.340254;0.000039;0.021072;0.021072;0;0.000839;0.866667;260;0.115074;0
"менделеевская линия";7;7;5;0.282227;0.30223;0;0.006944;0.006945;0;0.000352;1;21;0.036732;0
"мичманская улица";21;21;5;0.322785;0.352499;0;0.022426;0.022427;0;0.00073;1;210;0.114477;0
"морская набережная";21;21;5;0.322785;0.352499;0;0.022426;0.022427;0;0.00073;1;210;0.114477;0
"прибалтийская площадь";21;21;5;0.322785;0.352499;0;0.022426;0.022427;0;0.00073;1;210;0.114477;0
"набережная лейтенанта шмидта";34;34;4;0.372903;0.409362;0.000762;0.044672;0.044672;0;0.001058;0.650624;365;0.225379;0
"поцелуев мост";21;21;5;0.322785;0.352499;0;0.022426;0.022427;0;0.00073;1;210;0.114477;0
"лермонтовский проспект";85;85;4;0.412661;0.463091;0.024688;0.074652;0.074652;0;0.002686;0.259036;903;0.41217;0
"могилёвский мост";21;21;5;0.322785;0.352499;0;0.022426;0.022427;0;0.00073;1;210;0.114477;0
"египетский мост";21;21;5;0.322785;0.352499;0;0.022426;0.022427;0;0.00073;1;210;0.114477;0
"ново-петергофский мост";21;21;5;0.322785;0.352499;0;0.022426;0.022427;0;0.00073;1;210;0.114477;0
"площадь балтийского вокзала";58;58;5;0.3611;0.41065;0.002646;0.062264;0.062264;0;0.001769;0.396854;656;0.318961;0
"наличный мост";28;28;5;0.308871;0.341984;0.000073;0.021509;0.021509;0;0.000926;0.838624;317;0.118929;0
"средний проспект";28;28;5;0.308871;0.341984;0.000073;0.021509;0.021509;0;0.000926;0.838624;317;0.118929;0
"проспект добролюбова";56;56;5;0.36536;0.414571;0.002195;0.056239;0.05624;0;0.001638;0.476623;734;0.299084;0
"переулок талалихина";22;22;5;0.308212;0.338524;0;0.018858;0.018858;0;0.000745;1;231;0.103799;0
"переулок нестерова";22;22;5;0.308212;0.338524;0;0.018858;0.018858;0;0.000745;1;231;0.103799;0
"площадь льва толстого";31;31;5;0.349315;0.38564;0.001415;0.030219;0.030219;0;0.001008;0.610753;284;0.163417;0
"кожевенная линия";16;16;5;0.283056;0.30742;0;0.011559;0.011559;0;0.000606;0.991667;119;0.064135;0
"косая линия в.о.";16;16;5;0.283056;0.30742;0;0.011559;0.011559;0;0.000606;0.991667;119;0.064135;0
"железноводсая улица";15;15;5;0.282963;0.306844;0;0.011326;0.011326;0;0.000574;1;105;0.06262;0
"хасанская улица";66;66;4;0.396796;0.44579;0.00483;0.084084;0.084083;3;0.001924;0.355711;763;0.434094;0
"улица коммуны";99;99;4;0.425208;0.481642;0.026335;0.104356;0.104356;3;0.002938;0.237955;1131;0.563925;0
"проспект косыгина";36;36;4;0.373385;0.410707;0.00053;0.052031;0.052031;3;0.00112;0.542857;342;0.258086;0
"заневский проспект";131;131;4;0.454641;0.516628;0.033038;0.147709;0.147709;3;0.003719;0.214311;1797;0.78988;0
"заневский мост";24;24;4;0.368309;0.399942;0.000021;0.040209;0.040209;0;0.000776;0.800725;221;0.197006;0
"мост александра невского";49;49;4;0.389488;0.432045;0.000889;0.067918;0.067918;0;0.00143;0.446429;525;0.341041;0
"площадь александра невского";53;53;4;0.396796;0.438005;0.001191;0.074291;0.074291;0;0.001541;0.463716;639;0.371923;0
"площадь восстания";108;108;4;0.435023;0.495386;0.016146;0.132655;0.132656;1;0.003117;0.281412;1626;0.691052;0
"крестовский проспект";61;61;5;0.380931;0.425586;0.00547;0.043942;0.043942;0;0.001856;0.466667;826;0.256131;0
"рюхина улица";59;59;5;0.380931;0.425586;0.00547;0.043942;0.043942;0;0.001855;0.450614;771;0.250927;0
"морской проспект";59;59;5;0.380931;0.425586;0.00547;0.043942;0.043942;0;0.001855;0.450614;771;0.250927;0
"петроградская улица";40;40;5;0.354311;0.395386;0.000489;0.040561;0.040561;0;0.001232;0.646154;504;0.216939;0
"большой крестовский мост";40;40;5;0.354311;0.395386;0.000489;0.040561;0.040561;0;0.001232;0.646154;504;0.216939;0
"левашовский проспект";53;53;5;0.370988;0.417743;0.001783;0.055086;0.055087;0;0.001568;0.512337;706;0.293073;0
"площадь шевченко";23;23;5;0.338937;0.373664;0;0.027319;0.027319;0;0.000771;1;253;0.142891;0
"мытнинская набережная";23;23;5;0.338937;0.373664;0;0.027319;0.027319;0;0.000771;1;253;0.142891;0
"биржевой мост";36;36;5;0.360799;0.401115;0.000407;0.041844;0.041845;0;0.001108;0.684127;431;0.219025;0
"биржевая площадь";36;36;5;0.360799;0.401115;0.000407;0.041844;0.041845;0;0.001108;0.684127;431;0.219025;0
"малая морская улица";73;73;4;0.410317;0.460304;0.004699;0.101511;0.101511;0;0.002079;0.398402;1047;0.510099;0
"исаакиевская площадь";73;73;4;0.410317;0.460304;0.004699;0.101511;0.101511;0;0.002079;0.398402;1047;0.510099;0
"вознесенский проспект";23;23;5;0.338937;0.373664;0;0.027319;0.027319;0;0.000771;1;253;0.142891;0
"измайловский мост";23;23;5;0.338937;0.373664;0;0.027319;0.027319;0;0.000771;1;253;0.142891;0
"измайловский проспект";23;23;5;0.338937;0.373664;0;0.027319;0.027319;0;0.000771;1;253;0.142891;0
"троицкий проспект";23;23;5;0.338937;0.373664;0;0.027319;0.027319;0;0.000771;1;253;0.142891;0
"гранитная улица";92;92;5;0.43546;0.487197;0.014828;0.106255;0.106255;3;0.002741;0.279264;1169;0.566849;0
"проспект энергетиков";109;109;4;0.46117;0.514129;0.024017;0.132923;0.132922;3;0.003193;0.261638;1540;0.692256;0
"проспект маршала блюхера";52;52;4;0.422721;0.459919;0.005736;0.063332;0.063332;3;0.001663;0.38537;511;0.328024;0
"кантемировская улица";33;33;5;0.376793;0.411361;0.001244;0.035975;0.035975;3;0.001117;0.484848;256;0.194118;0
"кантемировской мост";10;10;5;0.342688;0.368339;0;0.013304;0.013304;3;0.000448;1;45;0.070011;0
"проспект медиков";10;10;5;0.342688;0.368339;0;0.013304;0.013304;3;0.000448;1;45;0.070011;0
"рыбацкая улица";51;51;5;0.371465;0.413668;0.003986;0.035761;0.035762;0;0.001667;0.469804;599;0.209795;0
"большая зеленина улица";51;51;5;0.371465;0.413668;0.003986;0.035761;0.035762;0;0.001667;0.469804;599;0.209795;0
"улица дыбенко";23;23;5;0.346939;0.380546;0.000049;0.028414;0.028415;0;0.000768;0.818182;207;0.148647;0
"проспект большевиков";67;67;5;0.374838;0.426874;0.004451;0.057897;0.057897;1;0.001992;0.362238;777;0.324045;0
"улица коллонтай";69;69;4;0.394629;0.44406;0.006116;0.064793;0.064793;1;0.001998;0.38806;884;0.364141;0
"дальневосточный проспект";63;63;4;0.387573;0.43416;0.003646;0.05424;0.05424;1;0.001858;0.420941;796;0.311903;0
"новочеркасский проспект";64;64;5;0.41763;0.460092;0.005797;0.080766;0.080766;3;0.001877;0.363095;732;0.424138;0
"площадь академика лихачёва";20;20;5;0.346523;0.378816;0;0.026552;0.026552;0;0.000678;1;190;0.138038;0
"зоологический переулок";20;20;5;0.346523;0.378816;0;0.026552;0.026552;0;0.000678;1;190;0.138038;0
"звёздная улица";75;75;3;0.434151;0.477124;0.010837;0.049502;0.049502;1;0.00246;0.302131;794;0.340855;0
"улица ленсовета";89;89;4;0.436336;0.486544;0.014627;0.068806;0.068807;1;0.002905;0.276813;1084;0.429561;0
"дунайский проспект";95;95;3;0.457278;0.504614;0.023272;0.080572;0.080573;1;0.002968;0.253031;1106;0.50359;0
"софийская улица";74;74;4;0.382275;0.435217;0.003833;0.062739;0.062739;1;0.002289;0.357645;966;0.374873;0
"автозаводская улица";12;12;4;0.333718;0.355729;0;0.007883;0.007883;1;0.000478;0.963636;53;0.05411;0
"автозаводской проезд";10;10;4;0.333718;0.355729;0;0.007883;0.007883;1;0.000472;1;45;0.052884;0
3-й бадаевский проезд;10;10;4;0.333718;0.355729;0;0.007883;0.007883;1;0.000472;1;45;0.052884;0
"московское шоссе";67;67;4;0.425208;0.467416;0.009853;0.037857;0.037857;1;0.002367;0.263229;582;0.273164;0
"витебский проспект";53;53;3;0.425835;0.461169;0.005036;0.030922;0.030922;1;0.0018;0.368627;470;0.231586;0
"проспект космонавтов";31;31;4;0.379597;0.412726;0.00132;0.016944;0.016944;1;0.001106;0.501149;218;0.127571;0
2-й парковый мост;23;23;5;0.325695;0.355017;0;0.020468;0.020468;0;0.000784;1;253;0.114286;0
"введенская улица";42;42;5;0.352869;0.388485;0.001393;0.023848;0.023848;0;0.001408;0.603949;520;0.148273;0
"ординарная улица";23;23;5;0.325695;0.355017;0;0.020468;0.020468;0;0.000784;1;253;0.114286;0
"песочная набережная";25;25;5;0.325695;0.355017;0;0.020468;0.020468;0;0.000786;0.992754;274;0.116712;0
"барочная улица";23;23;5;0.325695;0.355017;0;0.020468;0.020468;0;0.000784;1;253;0.114286;0
"улица профессора попова";23;23;5;0.325695;0.355017;0;0.020468;0.020468;0;0.000784;1;253;0.114286;0
"вяземский переулок";23;23;5;0.325695;0.355017;0;0.020468;0.020468;0;0.000784;1;253;0.114286;0
"каменноостровский мост";23;23;5;0.325695;0.355017;0;0.020468;0.020468;0;0.000784;1;253;0.114286;0
"чернореченский мост";43;43;5;0.376465;0.414148;0.000833;0.046564;0.046564;0;0.001306;0.636766;575;0.245243;0
"белоостровская улица";56;56;5;0.386536;0.4302;0.00235;0.061164;0.061164;0;0.00166;0.463636;714;0.320263;0
"вазаский переулок";56;56;5;0.386536;0.4302;0.00235;0.061164;0.061164;0;0.00166;0.463636;714;0.320263;0
"исполкомская улица";36;36;5;0.376465;0.413091;0.000254;0.049271;0.049271;0;0.001102;0.655556;413;0.249496;0
"новгородская улица";41;41;4;0.385162;0.42128;0.000469;0.05943;0.05943;0;0.001228;0.59878;491;0.295991;0
"улица моисеенко";26;26;5;0.36784;0.399058;0;0.035767;0.035767;0;0.000838;1;325;0.181761;0
"суворовский проспект";89;89;4;0.418234;0.472222;0.006746;0.116563;0.116563;0;0.002495;0.340909;1335;0.585295;0
"площадь пролетарской диктатуры";56;56;4;0.392485;0.436082;0.002845;0.076553;0.076553;0;0.001625;0.435714;671;0.390187;0
"тверская улица";83;83;4;0.432635;0.481161;0.024835;0.068928;0.068928;7;0.002495;0.319181;1060;0.412471;0
"таврическая улица";26;26;5;0.36784;0.399058;0;0.035767;0.035767;0;0.000838;1;325;0.181761;0
"шпалерная улица";42;42;5;0.377449;0.416551;0.000533;0.05935;0.05935;0;0.001258;0.599303;516;0.296881;0
"гагаринская улица";26;26;5;0.36784;0.399058;0;0.035767;0.035767;0;0.000838;1;325;0.181761;0
"улица пестеля";26;26;5;0.36784;0.399058;0;0.035767;0.035767;0;0.000838;1;325;0.181761;0
"набережная реки мойки";26;26;5;0.36784;0.399058;0;0.035767;0.035767;0;0.000838;1;325;0.181761;0
"набережная лебяжьей канавки";38;38;4;0.401947;0.434737;0.001128;0.043857;0.043857;0;0.001217;0.608819;428;0.228145;0
"миллионная улица";26;26;5;0.36784;0.399058;0;0.035767;0.035767;0;0.000838;1;325;0.181761;0
"суворовская площадь";26;26;5;0.36784;0.399058;0;0.035767;0.035767;0;0.000838;1;325;0.181761;0
"троицкий мост";38;38;4;0.401947;0.434737;0.001128;0.043857;0.043857;0;0.001217;0.608819;428;0.228145;0
"двинская улица";57;57;4;0.417831;0.457997;0.004654;0.070078;0.070078;0;0.00175;0.465584;717;0.360329;0
"гутуевский мост";29;29;4;0.399355;0.429642;0.00179;0.027511;0.027511;0;0.001088;0.502463;204;0.152019;0
"набережная обводного канала";47;47;4;0.407616;0.443003;0.012595;0.030005;0.030005;6;0.001806;0.355556;368;0.177124;0
"садовая улица";99;99;4;0.484087;0.527201;0.052648;0.069423;0.069423;1;0.003394;0.204502;972;0.442252;0
"площадь тургенева";27;27;4;0.392485;0.423491;0.000574;0.03563;0.03563;0;0.000931;0.581197;204;0.181842;0
"сенная площадь";32;32;4;0.393376;0.425029;0.001158;0.032345;0.032345;1;0.001092;0.540323;268;0.183477;0
"улица куйбышева";14;14;4;0.364899;0.387543;0;0.011809;0.011809;0;0.000594;1;91;0.06579;0
"сампсониевский мост";14;14;4;0.364899;0.387543;0;0.011809;0.011809;0;0.000594;1;91;0.06579;0
"финляндский проспект";14;14;4;0.364899;0.387543;0;0.011809;0.011809;0;0.000594;1;91;0.06579;0
"большой сампсониевский проспект";44;44;4;0.406279;0.441273;0.010569;0.02355;0.02355;0;0.001569;0.41649;394;0.153562;0
"боткинская улица";14;14;4;0.364899;0.387543;0;0.011809;0.011809;0;0.000594;1;91;0.06579;0
"пискарёвский проспект";105;105;4;0.444615;0.498558;0.014686;0.113691;0.11369;3;0.003034;0.286968;1537;0.612198;0
"репнинская улица";47;47;5;0.37565;0.416744;0.001144;0.04985;0.04985;3;0.001513;0.493987;534;0.27502;0
"проспект мечникова";77;77;4;0.419855;0.467032;0.003998;0.093731;0.093731;3;0.002248;0.379357;1110;0.492701;0
"замшина улица";48;48;5;0.381099;0.422414;0.000911;0.059131;0.05913;3;0.001465;0.523936;591;0.32224;0
"полюстровский проспект";38;38;4;0.385505;0.420704;0.000589;0.051439;0.051438;3;0.001182;0.577525;406;0.256112;0
"площадь академика климова";15;15;5;0.333077;0.359592;0;0.018808;0.018808;3;0.000569;0.980952;103;0.096956;0
"набережная чёрной речки";34;34;4;0.377778;0.410804;0.005236;0.02379;0.02379;5;0.001247;0.360071;202;0.146332;0
"проспект науки";76;76;5;0.402134;0.450577;0.004703;0.06361;0.063609;3;0.002308;0.371532;1031;0.388749;0
"улица карпинского";25;25;5;0.348333;0.379066;0.000193;0.02302;0.02302;3;0.000894;0.673333;202;0.135765;0
"улица руставели";107;107;4;0.4307;0.487793;0.019152;0.098997;0.098996;3;0.003206;0.2469;1374;0.561597;0
"северный проспект";60;60;5;0.378768;0.42328;0.00175;0.053178;0.053177;3;0.001831;0.475161;813;0.322445;0
"улица вавиловых";35;35;5;0.355182;0.391349;0.000481;0.028839;0.028839;3;0.001179;0.611765;364;0.18282;0
"тихорецкий проспект";35;35;5;0.370038;0.404056;0.000766;0.029074;0.029073;3;0.001175;0.610084;363;0.188221;0
"политехническая улица";16;16;5;0.339734;0.368205;0.000158;0.014014;0.014014;3;0.000642;0.733333;88;0.085172;0
"улица курчатова";12;12;5;0.320162;0.347328;0;0.010003;0.010003;3;0.000524;1;66;0.059046;0
"институтский проспект";12;12;5;0.320162;0.347328;0;0.010003;0.010003;3;0.000524;1;66;0.059046;0
"новороссийская улица";12;12;5;0.320162;0.347328;0;0.010003;0.010003;3;0.000524;1;66;0.059046;0
"суздальский проспект";79;79;4;0.416027;0.463668;0.005988;0.074901;0.0749;3;0.002344;0.37962;1140;0.447908;0
"светлановский проспект";62;62;5;0.399539;0.442503;0.003226;0.056994;0.056994;3;0.001842;0.465027;851;0.353054;0
"светлановская площадь";42;42;5;0.374514;0.411457;0.000739;0.034038;0.034037;5;0.001356;0.624855;538;0.227921;0
"проспект энгельса";102;102;4;0.442121;0.495194;0.032407;0.062113;0.062112;3;0.003426;0.221414;1096;0.418717;0
"репищева улица";47;47;5;0.355182;0.393676;0.006009;0.01739;0.01739;5;0.001676;0.450509;487;0.148116;0
"парашютная улица";64;64;4;0.386192;0.43118;0.005923;0.028185;0.028184;5;0.002167;0.390377;787;0.227146;0
"улица маршала новикова";52;52;5;0.366906;0.408381;0.002444;0.029447;0.029446;5;0.001731;0.449472;596;0.215879;0
"проспект испытателей";57;57;4;0.383628;0.426374;0.004417;0.032751;0.03275;5;0.001891;0.432957;691;0.239244;0
"коломяжский проспект";63;63;5;0.378768;0.423952;0.004156;0.033962;0.033961;5;0.002001;0.435219;823;0.255087;0
"коломяжский путепровод";15;15;5;0.320755;0.348366;0.000149;0.008081;0.00808;5;0.000618;0.771429;81;0.062002;0
"улица матроса железняка";8;8;5;0.315158;0.339831;0;0.005656;0.005656;5;0.000402;1;28;0.039768;0
"бестужевская улица";67;67;5;0.397342;0.445098;0.0023;0.081273;0.081272;3;0.00198;0.41384;915;0.432607;0
"кондратьевский проспект";66;66;4;0.413251;0.45569;0.002399;0.081959;0.081959;3;0.001886;0.442308;920;0.423414;0
"площадь калинина";31;31;5;0.355474;0.391792;0.00025;0.039483;0.039483;3;0.000997;0.630108;293;0.19967;0
"лабораторная улица";28;28;4;0.374838;0.405613;0.000285;0.038456;0.038456;3;0.000912;0.695767;263;0.190426;0
"проспект народного ополчения";60;60;4;0.401203;0.442618;0.011729;0.031683;0.031683;4;0.002354;0.30976;530;0.212953;0
"улица партизана германа";34;34;4;0.379431;0.409842;0.001727;0.017919;0.017919;4;0.001413;0.477718;268;0.119485;0
"улица доблести";35;35;4;0.355037;0.385333;0.001171;0.016874;0.016875;4;0.001329;0.535985;283;0.111713;0
"ленинский проспект";82;82;4;0.416227;0.465782;0.011845;0.054338;0.054339;1;0.002854;0.273148;885;0.347511;0
"проспект маршала жукова";55;55;4;0.389838;0.429066;0.006377;0.021069;0.021069;4;0.002355;0.304377;452;0.149667;0
"улица зенитчиков";19;19;5;0.345556;0.372241;0.00029;0.014563;0.014563;4;0.000795;0.748538;128;0.085903;0
"проспект стачек";89;89;4;0.431988;0.481834;0.02994;0.039928;0.039928;4;0.003607;0.185214;709;0.279087;0
"театральная площадь";59;59;4;0.419246;0.460977;0.004574;0.075;0.075;1;0.001803;0.40152;687;0.401032;0
"улица маршала захарова";26;26;4;0.323387;0.350538;0.000127;0.006983;0.006983;4;0.001101;0.663333;199;0.060383;0
"проспект героев";33;33;4;0.389313;0.421184;0.005599;0.009134;0.009134;4;0.001524;0.416667;220;0.084605;0
"улица маршала казакова";29;29;4;0.366132;0.397539;0.001511;0.015353;0.015353;4;0.001353;0.477833;194;0.10366;0
"комсомольская площадь";65;65;4;0.418841;0.461265;0.014029;0.029683;0.029683;4;0.002686;0.238942;497;0.20919;0
"улица стойкости";7;7;5;0.296512;0.316013;0.000003;0.002479;0.002479;4;0.000444;0.904762;19;0.019498;0
"улица солдата корзуна";12;12;5;0.308871;0.330892;0.000021;0.003613;0.003613;4;0.000639;0.818182;54;0.030216;0
"улица подводника кузьмина";25;25;4;0.357673;0.388312;0.001189;0.015666;0.015666;4;0.001021;0.506667;152;0.105472;0
"бульвар новаторов";22;22;4;0.330034;0.355344;0.000227;0.005003;0.005003;4;0.00098;0.614286;129;0.046355;0
"счастливая улица";6;6;5;0.299793;0.316609;0;0.00111;0.00111;4;0.000476;1;15;0.010875;0
"дачный проспект";13;13;4;0.31875;0.340638;0.000177;0.002603;0.002603;4;0.000782;0.666667;52;0.025793;0
"проспект ветеранов";41;41;4;0.358561;0.397347;0.002117;0.012184;0.012184;4;0.001915;0.368293;302;0.100469;0
"улица пионерстроя";6;6;5;0.299793;0.316609;0;0.00111;0.00111;4;0.000476;1;15;0.010875;0
"петергофское шоссе";39;39;4;0.360499;0.397251;0.005483;0.007274;0.007274;4;0.001969;0.327935;243;0.075086;0
"дорога на лэмз";6;6;5;0.299793;0.316609;0;0.00111;0.00111;4;0.000476;1;15;0.010875;0
"улица танкиста хрустицкого";11;11;4;0.315387;0.335544;0.000063;0.002516;0.002516;4;0.000637;0.8;44;0.023929;0
"таллинское шоссе";28;28;4;0.358709;0.388312;0.000624;0.00759;0.00759;4;0.001322;0.47619;180;0.068044;0
"красносельское шоссе";79;79;4;0.428571;0.475106;0.017694;0.031817;0.031817;1;0.003014;0.271062;814;0.263685;0
"аннинское шоссе";18;18;4;0.358264;0.383891;0.000455;0.006437;0.006437;4;0.000884;0.594771;91;0.05608;0
"улица политрука пасечника";9;9;4;0.315158;0.334391;0;0.002397;0.002397;4;0.000536;1;36;0.022471;0
"улица тамбасова";15;15;4;0.336047;0.361303;0.000192;0.00513;0.00513;4;0.000739;0.761905;80;0.04423;0
"улица чекистов";15;15;4;0.336047;0.361303;0.000192;0.00513;0.00513;4;0.000739;0.761905;80;0.04423;0
"улица рихарда зорге";20;20;4;0.322665;0.347078;0.000078;0.005749;0.005749;4;0.000854;0.754386;129;0.047963;0
"улица десантников";18;18;4;0.322665;0.347078;0.000078;0.005749;0.005749;4;0.00085;0.732026;112;0.046713;0
"брестский бульвар";10;10;5;0.298554;0.31955;0;0.003383;0.003383;4;0.000537;1;45;0.026948;0
"улица васи алексеева";11;11;5;0.309532;0.330315;0;0.003848;0.003848;4;0.000574;1;55;0.031005;0
"улица маршала говорова";11;11;5;0.309532;0.330315;0;0.003848;0.003848;4;0.000574;1;55;0.031005;0
"улица зины портновой";27;27;4;0.372103;0.405229;0.001473;0.018557;0.018557;4;0.001099;0.527066;185;0.126872;0
"московский проспект";123;123;4;0.444844;0.507785;0.031791;0.09858;0.09858;1;0.00396;0.220712;1656;0.589183;0
"улица типанова";61;61;4;0.39427;0.439254;0.001437;0.059385;0.059385;1;0.001845;0.476271;843;0.353997;0
"проспект славы";73;73;4;0.376139;0.429258;0.003267;0.062311;0.062311;1;0.002182;0.399061;1020;0.37463;0
"невский путепровод";48;48;4;0.36005;0.402826;0.00093;0.042204;0.042204;1;0.001528;0.525709;593;0.253961;0
"ивановская улица";74;74;4;0.401575;0.451942;0.006534;0.065914;0.065914;1;0.002303;0.340985;921;0.379929;0
"улица седова";71;71;4;0.398438;0.44752;0.005711;0.063356;0.063356;1;0.002156;0.354865;857;0.369746;0
"бульвар красных зорь";32;32;4;0.354167;0.389081;0.000411;0.0273;0.0273;1;0.001013;0.670968;312;0.170176;0
"проспект елизарова";25;25;4;0.347217;0.37995;0.000077;0.023915;0.023916;1;0.000889;0.746667;224;0.145459;0
"улица бабушкина";96;96;4;0.419855;0.474913;0.020968;0.071456;0.071456;1;0.002945;0.238522;1065;0.450215;0
"улица пограничника гарькавого";15;15;5;0.32816;0.355652;0.000058;0.008552;0.008552;4;0.000718;0.790476;83;0.061955;0
"московская площадь";55;55;4;0.393733;0.43714;0.001504;0.055903;0.055904;1;0.001744;0.478114;710;0.327205;0
"улица адмирала черокова";17;17;4;0.322425;0.345925;0.000025;0.006154;0.006154;4;0.000773;0.841667;101;0.05078;0
"проспект ленина";102;102;4;0.446447;0.499904;0.051183;0.033618;0.033618;4;0.00477;0.154339;795;0.28362;0
"кингисепское шоссе";13;13;4;0.340133;0.364956;0.000012;0.004611;0.004611;4;0.000685;0.846154;66;0.041104;0
"кронштадская улица";15;15;4;0.322305;0.345348;0.000014;0.005813;0.005813;4;0.000738;0.904762;95;0.047366;0
"корабельная улица";51;51;4;0.398072;0.436947;0.006765;0.018899;0.018899;4;0.002362;0.284706;363;0.141901;0
"проспект буденного";11;11;5;0.309532;0.330315;0;0.004131;0.004131;4;0.000594;1;55;0.034487;0
"улица костюшко";37;37;4;0.350162;0.387639;0.000419;0.029593;0.029593;1;0.001315;0.490991;327;0.182535;0
"кубинская улица";14;14;4;0.330916;0.354864;0.000033;0.010324;0.010324;1;0.000614;0.791209;72;0.066873;0
"площадь конституции";25;25;4;0.358561;0.390715;0.000284;0.020376;0.020376;1;0.00097;0.623333;187;0.129626;0
"площадь победы";75;75;4;0.417228;0.464917;0.006053;0.067814;0.067814;1;0.002466;0.315676;876;0.399152;0
"пулковское шоссе";64;64;4;0.415031;0.458574;0.004868;0.059965;0.059965;1;0.002137;0.340278;686;0.350185;0
"стартовая улица";11;11;5;0.312545;0.336678;0.000002;0.010011;0.010011;1;0.000513;0.890909;49;0.059945;0
"улица пилотов";11;11;5;0.312545;0.336678;0.000002;0.010011;0.010011;1;0.000513;0.890909;49;0.059945;0
1-й предпортовый проезд;48;48;4;0.408192;0.445694;0.002573;0.052978;0.052978;1;0.001595;0.464539;524;0.299213;0
"улица галстяна";43;43;4;0.407042;0.442618;0.002343;0.047207;0.047207;1;0.001477;0.473976;428;0.267298;0
"варшавская улица";51;51;4;0.408962;0.447616;0.002975;0.053678;0.053678;1;0.001713;0.429804;548;0.304665;0
"кронштадтская улица";58;58;4;0.413054;0.453095;0.021395;0.022075;0.022075;4;0.002534;0.246241;393;0.1598;0
"проспект кузнецова";11;11;5;0.355182;0.380796;0;0.012168;0.012168;4;0.000531;1;55;0.073547;0
"кронштадтская площадь";16;16;4;0.375162;0.399366;0.000155;0.013813;0.013813;4;0.00072;0.741667;89;0.088444;0
"лиговский проспект";119;119;4;0.439432;0.502691;0.02209;0.135664;0.135664;1;0.003417;0.253368;1749;0.726442;0
"ново-каменный мост";50;50;4;0.393019;0.434737;0.002388;0.052672;0.052672;1;0.001604;0.51102;626;0.301518;0
"будапештская улица";72;72;4;0.404384;0.452614;0.003129;0.071374;0.071374;1;0.00213;0.42334;1052;0.415921;0
"улица белы куна";47;47;5;0.355474;0.400692;0.000481;0.044028;0.044029;1;0.001462;0.513414;555;0.255596;0
"большой смоленский проспект";16;16;5;0.333077;0.362726;0;0.018079;0.018079;1;0.000609;1;120;0.107637;0
"новоизмайловский проспект";27;27;4;0.359006;0.392061;0.000824;0.020931;0.020931;1;0.001052;0.581197;204;0.133602;0
"бассейная улица";23;23;4;0.341608;0.371972;0.000591;0.015869;0.015869;1;0.00094;0.588933;149;0.104417;0
"улица орджоникидзе";41;41;4;0.378272;0.414456;0.00157;0.035785;0.035785;1;0.00143;0.478049;392;0.214231;0
"киевское шоссе";22;22;4;0.382613;0.409362;0.000349;0.015341;0.015341;1;0.000905;0.619048;143;0.107731;0
"дорога к госплемзаводу ""лесное""";15;15;4;0.374029;0.397443;0.000141;0.012388;0.012388;1;0.000643;0.657143;69;0.085776;0
"волхонское шоссе";25;25;4;0.388615;0.417916;0.001984;0.015187;0.015187;1;0.00111;0.416667;125;0.113971;0
"улица новые места";8;8;4;0.322785;0.343618;0;0.008454;0.008454;1;0.000412;1;28;0.051062;0
"пушкинское шоссе";23;23;4;0.380597;0.407824;0.001271;0.014536;0.014536;1;0.000963;0.545455;138;0.103745;0
"улица первого мая";38;38;4;0.406279;0.441176;0.015163;0.016884;0.016884;4;0.001822;0.266003;187;0.126717;0
"улица освобождения";14;14;4;0.356643;0.381103;0;0.011289;0.011289;1;0.000634;1;91;0.073762;0
"улица спирина";14;14;4;0.356643;0.381103;0;0.011289;0.011289;1;0.000634;1;91;0.073762;0
"геологическая улица";14;14;4;0.356643;0.381103;0;0.011289;0.011289;1;0.000634;1;91;0.073762;0
"заречная улица";25;25;4;0.394091;0.421953;0.00621;0.017689;0.017689;3;0.001011;0.386667;116;0.124911;0
"трамвайный проспект";14;14;4;0.340267;0.365532;0.000005;0.004144;0.004144;4;0.000748;0.89011;81;0.038533;0
"улица зины портовой";9;9;4;0.334878;0.35842;0;0.003447;0.003447;4;0.000527;1;36;0.031655;0
"гатчинское шоссе";13;13;4;0.346661;0.370531;0.000018;0.004315;0.004315;4;0.000694;0.910256;71;0.039422;0
"красногородская улица";13;13;4;0.346661;0.370531;0.000018;0.004315;0.004315;4;0.000694;0.910256;71;0.039422;0
"нарвская улица";13;13;4;0.346661;0.370531;0.000018;0.004315;0.004315;4;0.000694;0.910256;71;0.039422;0
"кингисеппское шоссе";13;13;4;0.346661;0.370531;0.000018;0.004315;0.004315;4;0.000694;0.910256;71;0.039422;0
"стрельна";10;10;5;0.309753;0.329758;0.002308;0.002722;0.002722;4;0.000764;0.622222;28;0.024011;0
"петергоф";10;10;5;0.309753;0.329758;0.002308;0.002722;0.002722;4;0.000764;0.622222;28;0.024011;0
"улица морской пехоты";8;8;5;0.311311;0.330334;0;0.002655;0.002655;4;0.000529;1;28;0.022232;0
"перевалочная улица";8;8;5;0.311311;0.330334;0;0.002655;0.002655;4;0.000529;1;28;0.022232;0
"угольный мост";8;8;5;0.311311;0.330334;0;0.002655;0.002655;4;0.000529;1;28;0.022232;0
"дорога в угольную гавань";8;8;5;0.311311;0.330334;0;0.002655;0.002655;4;0.000529;1;28;0.022232;0
"канонерский тоннель";14;14;4;0.344184;0.369089;0.000154;0.009384;0.009384;4;0.000644;0.846154;77;0.055784;0
"невельская улица";14;14;4;0.344184;0.369089;0.000154;0.009384;0.009384;4;0.000644;0.846154;77;0.055784;0
"шотландская улица";14;14;4;0.344184;0.369089;0.000154;0.009384;0.009384;4;0.000644;0.846154;77;0.055784;0
"краснопутиловская улица";50;50;4;0.394809;0.436467;0.002969;0.050755;0.050755;1;0.001682;0.401633;492;0.285091;0
"автовская улица";14;14;4;0.339867;0.362168;0;0.008089;0.008089;4;0.000572;0.987179;77;0.05021;0
"кузнецовская улица";10;10;4;0.332184;0.354575;0;0.007049;0.007049;1;0.000486;1;45;0.048861;0
"ломоносов";12;12;4;0.337354;0.360534;0.001913;0.002152;0.002152;4;0.000785;0.409091;27;0.023563;0
"санкт-петербургское шоссе";18;18;4;0.347495;0.37649;0.0004;0.003686;0.003686;4;0.000984;0.660131;101;0.042171;0
"санкт-петербургский проспект";34;34;4;0.363065;0.399942;0.004856;0.004652;0.004652;4;0.001958;0.351159;197;0.058646;0
"петергофская улица";20;20;4;0.342552;0.370146;0.001191;0.002571;0.002571;4;0.001233;0.531579;101;0.032366;0
"бульвар красных курсантов";22;22;4;0.342823;0.3713;0.001489;0.002596;0.002596;4;0.001372;0.480519;111;0.033347;0
"чичеринская улица";14;14;4;0.330538;0.35669;0.000709;0.002135;0.002135;4;0.000898;0.648352;59;0.026213;0
"ботаническая улица";10;10;5;0.307774;0.328393;0.000229;0.001675;0.001675;4;0.000676;0.888889;40;0.018704;0
"ульяновская улица";17;17;4;0.342147;0.368416;0.000896;0.002507;0.002507;4;0.001053;0.610294;83;0.030438;0
"ораниенбаумское шоссе";12;12;4;0.346523;0.372837;0;0.003095;0.003095;4;0.000672;1;66;0.034445;0
"морская улица";22;22;4;0.367217;0.398212;0.001135;0.004393;0.004393;4;0.001147;0.549784;127;0.051318;0
"дворцовый проспект";38;38;4;0.374029;0.410227;0.004031;0.005007;0.005007;4;0.001845;0.381381;254;0.06537;0
"краснофлотское шоссе";18;18;4;0.360799;0.390427;0.000278;0.004294;0.004294;4;0.000941;0.647059;99;0.049103;0
"приморское шоссе";75;75;4;0.415031;0.462899;0.029277;0.013773;0.013773;2;0.003316;0.210046;552;0.156359;0
"автомобильная дорога а121";19;19;4;0.377778;0.404652;0.00079;0.004715;0.004715;4;0.001004;0.643275;110;0.048959;0
"ленинградская улица";107;107;4;0.455118;0.508266;0.046085;0.029561;0.029561;4;0.004579;0.159928;890;0.283458;0
"шоссе революции";99;99;4;0.441896;0.493945;0.015703;0.122381;0.122381;3;0.002803;0.306333;1456;0.634822;0
"среднеохтинский проспект";57;57;4;0.391422;0.435313;0.001204;0.088388;0.088388;3;0.00165;0.513158;819;0.429867;0
"красногвардейская площадь";91;91;4;0.442573;0.492022;0.009745;0.120329;0.120329;3;0.002602;0.324298;1328;0.605959;0
"большеохтинский мост";50;50;4;0.390189;0.431276;0.000804;0.079037;0.079037;3;0.001461;0.577143;707;0.38226;0
"тульская улица";61;61;4;0.407042;0.450211;0.001639;0.089372;0.089373;3;0.001764;0.486339;890;0.434631;0
"кирочная улица";50;50;4;0.38465;0.426567;0.000707;0.076076;0.076076;3;0.001466;0.580408;711;0.367452;0
"улица восстания";56;56;4;0.418033;0.457805;0.012871;0.069134;0.069134;3;0.001938;0.437662;674;0.347685;0
"улица жуковского";41;41;4;0.376139;0.41436;0.000175;0.066874;0.066874;3;0.00122;0.710976;583;0.321352;0
"конногвардейский бульвар";52;52;4;0.39589;0.437428;0.000801;0.081838;0.081838;0;0.001524;0.555807;737;0.404306;0
"рижский проспект";31;31;4;0.372263;0.406574;0.000085;0.055617;0.055617;0;0.000953;0.931183;433;0.266921;0
"екатерингофский мост";31;31;4;0.372263;0.406574;0.000085;0.055617;0.055617;0;0.000953;0.931183;433;0.266921;0
"гапсальская улица";31;31;4;0.372263;0.406574;0.000085;0.055617;0.055617;0;0.000953;0.931183;433;0.266921;0
"межевой канал";31;31;4;0.372263;0.406574;0.000085;0.055617;0.055617;0;0.000953;0.931183;433;0.266921;0
"виндавская улица";31;31;4;0.372263;0.406574;0.000085;0.055617;0.055617;0;0.000953;0.931183;433;0.266921;0
"большеохтинский проспект";38;38;4;0.416827;0.448577;0.000905;0.058872;0.058871;3;0.001175;0.631579;444;0.302677;0
"комаровский мост";32;32;4;0.393733;0.426374;0.000336;0.050082;0.050082;3;0.001008;0.667339;331;0.248567;0
"якорная улица";32;32;4;0.393733;0.426374;0.000336;0.050082;0.050082;3;0.001008;0.667339;331;0.248567;0
"мост петра великого";24;24;4;0.385676;0.415129;0.0001;0.039246;0.039246;3;0.000796;0.873188;241;0.193218;0
"малая балканская улица";59;59;4;0.398988;0.442042;0.002535;0.059017;0.059017;1;0.001775;0.46824;774;0.336951;0
"улица олеко дундича";56;56;4;0.398254;0.440119;0.001734;0.057373;0.057373;1;0.001677;0.486869;723;0.326841;0
"улица ярослава гашека";61;61;4;0.399908;0.443772;0.002613;0.059823;0.059823;1;0.00183;0.438983;777;0.345696;0
"балканская площадь";59;59;4;0.399908;0.443772;0.002613;0.059823;0.059823;1;0.001829;0.425482;728;0.339078;0
"купчинская улица";23;23;4;0.37565;0.40446;0.00027;0.024568;0.024568;1;0.000818;0.782609;198;0.14451;0
"дунайский путепровод";19;19;4;0.371784;0.398308;0;0.022514;0.022514;1;0.000691;1;171;0.129923;0
"проспект юрия гагарина";35;35;4;0.375976;0.409458;0.001206;0.033296;0.033296;1;0.001214;0.568067;338;0.19746;0
"мост декабристов";19;19;4;0.371784;0.398308;0;0.022514;0.022514;1;0.000691;1;171;0.129923;0
5-й предпортовый проезд;22;22;4;0.367217;0.396098;0;0.033128;0.033129;1;0.000702;0.97619;205;0.175023;0
"предпортовая улица";28;28;4;0.374838;0.408016;0.000171;0.041645;0.041646;1;0.000921;0.746032;282;0.224286;0
"площадь московские ворота";20;20;4;0.367217;0.396098;0;0.033128;0.033129;1;0.000699;1;190;0.171723;0
"белорусская улица";51;51;4;0.379763;0.422241;0.002752;0.067775;0.067775;3;0.001631;0.424314;541;0.332641;0
"ленская улица";51;51;4;0.379763;0.422241;0.002752;0.067775;0.067775;3;0.001631;0.424314;541;0.332641;0
"проспект ударников";47;47;4;0.391245;0.431949;0.001513;0.06789;0.06789;3;0.001397;0.481961;521;0.34597;0
"улица передовиков";23;23;4;0.365053;0.395521;0.000075;0.03885;0.03885;3;0.000761;0.750988;190;0.190143;0
"яхтенная площадь";8;8;4;0.353878;0.37351;0;0.003146;0.003146;4;0.000513;1;28;0.026615;0
"тулонская аллея";15;15;4;0.354892;0.377547;0.000009;0.003604;0.003604;4;0.000875;0.866667;91;0.032667;0
"интернациональная улица";15;15;4;0.354892;0.377547;0.000009;0.003604;0.003604;4;0.000875;0.866667;91;0.032667;0
"советская улица";28;28;4;0.394629;0.42599;0.003317;0.008842;0.008842;2;0.001388;0.410053;155;0.082663;0
"улица зосимова";21;21;4;0.372423;0.399462;0.000656;0.004784;0.004784;4;0.001139;0.557143;117;0.04761;0
"кронштадтское шоссе";29;29;4;0.384479;0.415898;0.004498;0.005489;0.005489;4;0.001546;0.342365;139;0.057697;0
"улица мануильского";13;13;4;0.354311;0.376009;0;0.003371;0.003371;4;0.000777;1;78;0.029911;0
"улица аммермана";13;13;4;0.354311;0.376009;0;0.003371;0.003371;4;0.000777;1;78;0.029911;0
"петровская улица";13;13;4;0.354311;0.376009;0;0.003371;0.003371;4;0.000777;1;78;0.029911;0
"красная улица";13;13;4;0.354311;0.376009;0;0.003371;0.003371;4;0.000777;1;78;0.029911;0
"макаровская улица";13;13;4;0.354311;0.376009;0;0.003371;0.003371;4;0.000777;1;78;0.029911;0
"улица литке";13;13;4;0.354311;0.376009;0;0.003371;0.003371;4;0.000777;1;78;0.029911;0
"цитадельское шоссе";13;13;4;0.354311;0.376009;0;0.003371;0.003371;4;0.000777;1;78;0.029911;0
"дорога в рентгено";6;6;4;0.352296;0.372068;0;0.003998;0.003998;4;0.000399;1;15;0.0324;0
"песочное шоссе";6;6;4;0.352296;0.372068;0;0.003998;0.003998;4;0.000399;1;15;0.0324;0
"выборгское шоссе";74;74;4;0.41129;0.4604;0.023739;0.023896;0.023896;5;0.003021;0.234728;634;0.217433;0
"проспект луначарского";98;98;4;0.423961;0.478662;0.017701;0.073206;0.073205;3;0.003125;0.280498;1306;0.461151;0
"витебский мост";27;27;4;0.395169;0.42301;0.00054;0.014795;0.014795;1;0.00104;0.595442;209;0.125457;0
"петербургское шоссе";29;29;4;0.388441;0.417436;0.000666;0.017416;0.017416;1;0.001145;0.561576;228;0.132759;0
"улица генерала хазова";36;36;4;0.398988;0.431084;0.000693;0.015629;0.015629;1;0.001408;0.536508;338;0.1378;0
"школьная улица";91;91;4;0.445529;0.495194;0.048174;0.043389;0.043388;5;0.003126;0.239072;979;0.348623;0
"оранжерейная улица";57;57;4;0.407808;0.447328;0.002734;0.022448;0.022448;1;0.00213;0.405195;624;0.192979;0
"павловское шоссе";42;42;4;0.404384;0.43935;0.001941;0.015554;0.015554;1;0.00168;0.497096;428;0.141807;0
"захаржевская улица";40;40;4;0.404007;0.438197;0.00166;0.015366;0.015366;1;0.001587;0.524359;409;0.139319;0
"кадетский бульвар";40;40;4;0.404007;0.438197;0.00166;0.015366;0.015366;1;0.001587;0.524359;409;0.139319;0
"сапёрная улица";39;39;4;0.403819;0.43762;0.001531;0.015285;0.015285;1;0.001544;0.539811;400;0.138357;0
"софийский бульвар";24;24;4;0.374676;0.400135;0.000228;0.008573;0.008573;1;0.001017;0.728261;201;0.080812;0
"октябрьский бульвар";29;29;4;0.387054;0.41609;0.000597;0.013435;0.013435;1;0.001181;0.605911;246;0.110629;0
"парковая улица";61;61;4;0.420058;0.460977;0.01373;0.023004;0.023004;7;0.002335;0.284153;520;0.209979;0
"улица григорьева";37;37;4;0.369093;0.403499;0.002088;0.004484;0.004484;2;0.001648;0.539039;359;0.067529;0
"ермоловский проспект";37;37;4;0.369093;0.403499;0.002088;0.004484;0.004484;2;0.001648;0.539039;359;0.067529;0
"улица коммунаров";37;37;4;0.369093;0.403499;0.002088;0.004484;0.004484;2;0.001648;0.539039;359;0.067529;0
"дубковское шоссе";37;37;4;0.369093;0.403499;0.002088;0.004484;0.004484;2;0.001648;0.539039;359;0.067529;0
"улица воскова";63;63;4;0.391245;0.433679;0.019423;0.012047;0.012047;2;0.002408;0.36753;695;0.128804;0
"улица володарского";54;54;4;0.40232;0.440984;0.012436;0.012066;0.012066;2;0.002118;0.378084;521;0.135767;0
"северный переулок";16;16;4;0.359155;0.385044;0.000011;0.003578;0.003578;2;0.000795;0.95;114;0.044158;0
"центральная улица";74;74;4;0.443252;0.487601;0.039138;0.045637;0.045637;3;0.003083;0.213625;577;0.308048;0
"новое шоссе";15;15;4;0.359006;0.384468;0;0.003528;0.003528;2;0.000748;1;105;0.043277;0
"белоостровское шоссе";15;15;4;0.359006;0.384468;0;0.003528;0.003528;2;0.000748;1;105;0.043277;0
"пограничная улица";15;15;4;0.359006;0.384468;0;0.003528;0.003528;2;0.000748;1;105;0.043277;0
"сельская улица";15;15;4;0.359006;0.384468;0;0.003528;0.003528;2;0.000748;1;105;0.043277;0
"водопадная улица";11;11;4;0.338804;0.358708;0.009264;0.001824;0.001824;7;0.001284;0.418182;23;0.018565;0
"лагерное шоссе";7;7;4;0.338275;0.356401;0.000069;0.001821;0.001821;7;0.000647;0.809524;17;0.017595;0
"первомайская улица";3;3;5;0.313562;0.329796;0;0.000658;0.000658;7;0.000389;1;3;0.007843;0
"южная улица";6;6;4;0.338144;0.355825;0;0.001808;0.001808;7;0.000539;1;15;0.017237;0
"заводская улица";6;6;4;0.338144;0.355825;0;0.001808;0.001808;7;0.000539;1;15;0.017237;0
"петрозаводское шоссе";29;29;4;0.374352;0.405998;0.002461;0.010521;0.010521;7;0.001283;0.591133;240;0.09951;0
"ахматовская улица";40;40;4;0.391245;0.424933;0.001209;0.015701;0.015701;1;0.001606;0.485897;379;0.134152;0
"железнодорожная улица";59;59;4;0.422103;0.461265;0.008036;0.021331;0.021331;1;0.002251;0.341803;565;0.18598;0
"главная улица";19;19;4;0.36261;0.38514;0.000015;0.006794;0.006794;1;0.000835;0.947368;162;0.067372;0
"детскосельская улица";26;26;4;0.372583;0.399942;0.000407;0.007051;0.007051;1;0.001196;0.621538;202;0.072212;0
"берёзовая улица";29;29;4;0.378107;0.407439;0.000429;0.008555;0.008555;1;0.001274;0.640394;260;0.086903;0
"улица мичурина";31;31;4;0.378437;0.408593;0.000559;0.00866;0.00866;1;0.001372;0.595699;277;0.088468;0
"гуммолосаровская улица";29;29;4;0.378107;0.407439;0.000413;0.008564;0.008564;1;0.00126;0.657635;267;0.08712;0
"конюшенная улица";42;42;4;0.398072;0.432814;0.001927;0.011677;0.011677;1;0.001733;0.492451;424;0.11827;0
"госпитальная улица";38;38;4;0.392485;0.424164;0.001079;0.010476;0.010475;1;0.001516;0.564565;376;0.108946;0
"звериницкая улица";23;23;4;0.366906;0.391965;0.000046;0.007882;0.007882;1;0.000984;0.837945;212;0.077291;0
"дворцовая улица";7;7;4;0.330034;0.347751;0;0.002709;0.002709;1;0.000411;1;21;0.025524;0
"средняя улица";27;27;4;0.378934;0.408593;0.001794;0.023938;0.023938;1;0.000969;0.472934;166;0.146757;0
"леонтьевская улица";17;17;4;0.356497;0.376586;0.000076;0.006205;0.006205;1;0.000769;0.808824;110;0.056956;0
"московская улица";22;22;4;0.372263;0.396674;0.000163;0.007302;0.007302;1;0.000958;0.722944;167;0.070866;0
"удаловская улица";12;12;4;0.352296;0.374952;0;0.004419;0.004419;1;0.000587;1;66;0.043804;0
"новодеревенская улица";20;20;4;0.370038;0.397924;0.000305;0.007247;0.007247;7;0.000848;0.589474;112;0.073909;0
"колпинское шоссе";49;49;4;0.417429;0.453768;0.004179;0.018784;0.018784;7;0.001703;0.468085;528;0.173603;0
"северская улица";12;12;4;0.352296;0.374952;0;0.004419;0.004419;1;0.000587;1;66;0.043804;0
"ростовская улица";12;12;4;0.352296;0.374952;0;0.004419;0.004419;1;0.000587;1;66;0.043804;0
"улица вячеслава шишкова";17;17;4;0.383968;0.40792;0.000025;0.00753;0.00753;1;0.000749;0.977941;133;0.072776;0
"бульвар алексея толстого";17;17;4;0.383968;0.40792;0.000025;0.00753;0.00753;1;0.000749;0.977941;133;0.072776;0
"привокзальная площадь";113;113;4;0.426463;0.486255;0.057012;0.020371;0.020371;4;0.005151;0.138835;863;0.228569;0
"кузьминское шоссе";8;8;5;0.333847;0.355517;0;0.003582;0.003582;1;0.000442;1;28;0.034186;0
"московский переулок";15;15;4;0.356643;0.37649;0;0.005391;0.005391;1;0.000702;1;105;0.051606;0
"фильтровское шоссе";15;15;4;0.356643;0.37649;0;0.005391;0.005391;1;0.000702;1;105;0.051606;0
"пушкин";18;18;4;0.363522;0.387447;0.001374;0.007628;0.007628;1;0.000788;0.533333;56;0.063845;0
"шушары";32;32;4;0.393554;0.423203;0.002011;0.017526;0.017526;1;0.001043;0.452381;171;0.136029;0
3-й верхний переулок;10;10;4;0.353733;0.37649;0;0.002732;0.002732;4;0.00061;1;45;0.028066;0
"кад";33;33;4;0.390189;0.42474;0.008503;0.007546;0.007546;4;0.001586;0.253788;134;0.079782;0
"комсомольская улица";10;10;4;0.353733;0.37649;0;0.002732;0.002732;4;0.00061;1;45;0.028066;0
"улица 50-ти лет октября";10;10;4;0.353733;0.37649;0;0.002732;0.002732;4;0.00061;1;45;0.028066;0
"солнечная улица";10;10;4;0.353733;0.37649;0;0.002732;0.002732;4;0.00061;1;45;0.028066;0
"улица космонавтов";10;10;4;0.353733;0.37649;0;0.002732;0.002732;4;0.00061;1;45;0.028066;0
"привокзальная улица";29;29;4;0.376957;0.408785;0.006393;0.006303;0.006302;4;0.001509;0.337438;137;0.059479;0
"большой проспект";2;2;5;0.294197;0.307266;0;0.0003;0.0003;2;0.00026;1;1;0.00367;0
"улица калинина";2;2;5;0.312095;0.32822;0;0.000968;0.000968;4;0.000251;1;1;0.009003;0
"улица свободы";2;2;5;0.316654;0.332545;0;0.001001;0.001001;4;0.000254;1;1;0.009366;0
"заводской проспект";49;49;4;0.404762;0.442618;0.002494;0.019579;0.019579;7;0.001727;0.460884;542;0.17599;0
"улица веры слуцкой";50;50;4;0.404573;0.44281;0.002585;0.01929;0.01929;7;0.001756;0.471837;578;0.175749;0
"пролетарская улица";56;56;4;0.40533;0.445117;0.003043;0.020084;0.020084;7;0.001869;0.465993;692;0.188618;0
"бульвар победы";30;30;4;0.381099;0.411476;0.000444;0.013171;0.013171;7;0.001125;0.597701;260;0.117061;0
"вокзальная улица";29;29;4;0.365206;0.398116;0.019347;0.005617;0.005617;2;0.002425;0.194581;79;0.051923;0
"рощинское шоссе";4;4;5;0.328534;0.348404;0.000038;0.001067;0.001067;2;0.000429;0.833333;5;0.01228;0
"средневыборгское шоссе";7;7;5;0.328658;0.348981;0;0.001094;0.001094;2;0.000479;0.933333;14;0.013406;0
"средневыборгский путепровод";5;5;5;0.328658;0.348981;0;0.001094;0.001094;2;0.000459;1;10;0.012909;0
"линдуловская дорога";5;5;5;0.328658;0.348981;0;0.001094;0.001094;2;0.000459;1;10;0.012909;0
"пухтоловская дорога";3;3;5;0.316423;0.332641;0;0.000799;0.000799;2;0.000376;1;3;0.008405;0
"улица машиностроителей";28;28;4;0.374191;0.405037;0.000417;0.011282;0.011282;7;0.001049;0.687831;260;0.10524;0
"бульвар трудящихся";49;49;4;0.395529;0.435217;0.002205;0.016336;0.016336;7;0.001721;0.503401;592;0.157544;0
"улица танкистов";37;37;4;0.387226;0.421473;0.001051;0.012777;0.012777;7;0.00138;0.657658;438;0.119552;0
"бульвар свободы";47;47;4;0.404196;0.441849;0.002561;0.017249;0.017249;7;0.001648;0.52729;570;0.156792;0
"соборная улица";49;49;4;0.404573;0.443003;0.002695;0.017521;0.017521;7;0.001717;0.516156;607;0.160174;0
"загородная улица";42;42;4;0.390365;0.426951;0.001387;0.014708;0.014708;7;0.001483;0.577236;497;0.140451;0
"центральный проезд";15;15;4;0.348473;0.371492;0;0.005559;0.005559;7;0.00066;1;105;0.055672;0
"северный проезд";15;15;4;0.348473;0.371492;0;0.005559;0.005559;7;0.00066;1;105;0.055672;0
"улица труда";37;37;4;0.380263;0.413399;0.000795;0.011713;0.011713;7;0.00131;0.687302;433;0.111989;0
"банковский переулок";34;34;4;0.380096;0.412822;0.000776;0.011457;0.011457;7;0.001276;0.688057;386;0.106794;0
"тверской мост";27;27;4;0.358264;0.388024;0.000119;0.00825;0.00825;7;0.001038;0.874644;307;0.085276;0
"улица ремизова";28;28;4;0.358413;0.388601;0.000127;0.008506;0.008506;7;0.00107;0.851852;322;0.08788;0
"октябрьская улица";37;37;4;0.380263;0.413399;0.000795;0.011713;0.011713;7;0.00131;0.687302;433;0.111989;0
"улица ижорского батальона";28;28;4;0.377285;0.407247;0.000354;0.010529;0.010529;7;0.001062;0.84127;318;0.097067;0
"оборонная улица";32;32;4;0.379763;0.411669;0.000581;0.01144;0.011439;7;0.001203;0.71371;354;0.105278;0
"дорога к домостроительному комбинату";20;20;4;0.357231;0.383987;0;0.006997;0.006997;7;0.000806;1;190;0.070654;0
"финляндская улица";27;27;4;0.37712;0.406671;0.000338;0.010273;0.010273;7;0.00103;0.863248;303;0.094462;0
"дорога к комбинату строительных материалов";20;20;4;0.357231;0.383987;0;0.006997;0.006997;7;0.000806;1;190;0.070654;0
"дорога на огоньки";7;7;5;0.332439;0.352634;0.000104;0.001335;0.001335;2;0.000691;0.666667;14;0.014724;0
"автомобильная дорога а120";4;4;5;0.316539;0.333218;0;0.000821;0.000821;2;0.000469;1;6;0.00888;0
"дорога на подгорное";4;4;5;0.316539;0.333218;0;0.000821;0.000821;2;0.000469;1;6;0.00888;0
"автомобильная дорога а122";4;4;5;0.332057;0.350903;0;0.001278;0.001278;2;0.000404;1;6;0.013476;0
"автомобильная дорога 41к-97";3;3;5;0.33193;0.350327;0;0.001252;0.001252;2;0.000319;1;3;0.012929;0
"дорога к жилгородку";4;4;5;0.332057;0.350903;0;0.001278;0.001278;2;0.000404;1;6;0.013476;0
"автомобильная дорога а123";4;4;5;0.328534;0.348404;0;0.001072;0.001072;2;0.000409;1;6;0.012372;0
"автомобильная дорога н63";4;4;5;0.328534;0.348404;0;0.001072;0.001072;2;0.000409;1;6;0.012372;0
"брюсовская улица";34;34;4;0.371784;0.405998;0.000697;0.041768;0.041768;3;0.001096;0.532977;299;0.212644;0
"пискаревский проспект";24;24;4;0.358413;0.387159;0.000086;0.033232;0.033232;3;0.000802;0.768116;212;0.161565;0
"гражданская улица";7;7;4;0.333975;0.354479;0;0.001379;0.001379;4;0.000468;1;21;0.017624;0
"кронштадт";20;20;5;0.335137;0.360458;0.000361;0.005991;0.005991;5;0.0007;0.647619;68;0.061048;0
"лисий нос";23;23;5;0.345006;0.371434;0.000275;0.005702;0.005702;5;0.000931;0.566667;119;0.056187;0
"сестрорецк";19;19;5;0.34323;0.367782;0.000206;0.004473;0.004473;5;0.000839;0.607843;93;0.044373;0
"санкт-петербург(вокзал)";78;78;4;0.397524;0.437332;0.047628;0.016023;0.016023;7;0.00341;0.170599;282;0.16355;0
"пеники";6;6;5;0.308651;0.326278;0;0.000644;0.000644;4;0.000493;1;15;0.00935;0
"большая ижора";6;6;5;0.308651;0.326278;0;0.000644;0.000644;4;0.000493;1;15;0.00935;0
"лебяжье";6;6;5;0.308651;0.326278;0;0.000644;0.000644;4;0.000493;1;15;0.00935;0
"гаккелевская улица";25;25;5;0.33788;0.365475;0.000319;0.008533;0.008533;5;0.000877;0.73913;204;0.08157;0
"улица оптиков";41;41;4;0.362762;0.397636;0.001021;0.015005;0.015005;5;0.001352;0.587045;435;0.136742;0
"планерная улица";49;49;4;0.367529;0.405421;0.0024;0.018327;0.018327;5;0.00167;0.491135;554;0.163612;0
"яхтенная улица";59;59;4;0.379763;0.42301;0.002859;0.031574;0.031573;5;0.001934;0.448276;767;0.242575;0
"туристская улица";22;22;5;0.337354;0.364321;0.000239;0.008536;0.008536;5;0.00083;0.722944;167;0.079339;0
"улица савушкина";58;58;4;0.379099;0.420704;0.00322;0.02872;0.028719;5;0.001889;0.446104;687;0.224216;0
"проезд к аэропорту пулково-1";12;12;4;0.325206;0.347751;0;0.01281;0.01281;1;0.000519;1;66;0.075459;0
"площадь аэропорта пулково-1";12;12;4;0.325206;0.347751;0;0.01281;0.01281;1;0.000519;1;66;0.075459;0
"проспект обуховской обороны";75;75;4;0.403443;0.45098;0.011931;0.050752;0.050752;1;0.002347;0.305072;824;0.331971;0
"улица шелгунова";17;17;4;0.341473;0.367935;0.000334;0.017221;0.017221;1;0.000697;0.691176;94;0.104319;0
"улица чернова";50;50;4;0.377778;0.415513;0.003147;0.032392;0.032392;7;0.001606;0.373061;457;0.219705;0
"проспект александровской фермы";41;41;4;0.37565;0.411957;0.002355;0.038461;0.038461;1;0.001322;0.435897;340;0.220751;0
"малая карпатская улица";16;16;4;0.333847;0.359285;0.000044;0.01525;0.015251;1;0.000631;0.816667;98;0.089267;0
"грузовой проезд";9;9;4;0.321946;0.341984;0;0.009426;0.009426;1;0.000428;1;36;0.054847;0
"проспект девятого января";9;9;4;0.321946;0.341984;0;0.009426;0.009426;1;0.000428;1;36;0.054847;0
"улица салова";67;67;4;0.369565;0.41907;0.002394;0.057916;0.057916;1;0.002023;0.438228;940;0.349285;0
"улица самойловой";18;18;4;0.349315;0.375817;0;0.023978;0.023978;1;0.000654;1;153;0.138009;0
"мгинская улица";31;31;4;0.3599;0.394656;0.000159;0.034752;0.034752;1;0.001021;0.716129;333;0.204333;0
"набережная реки волковки";38;38;4;0.363827;0.399462;0.000207;0.042625;0.042625;1;0.001197;0.704125;495;0.240935;0
"расстанный переулок";38;38;4;0.363827;0.399462;0.000207;0.042625;0.042625;1;0.001197;0.704125;495;0.240935;0
"расстанная улица";35;35;4;0.375487;0.410131;0.000195;0.044765;0.044765;1;0.001103;0.714286;425;0.250201;0
"пушкинская улица";20;20;4;0.355328;0.377355;0.000121;0.010378;0.010378;1;0.000842;0.705263;134;0.083201;0
"вишерская улица";7;7;4;0.321468;0.340638;0;0.005806;0.005806;1;0.000383;1;21;0.040909;0
"колпино";34;34;4;0.369881;0.40273;0.002393;0.015734;0.015734;7;0.001214;0.378788;200;0.125403;0
"петро-славянка";18;18;4;0.36005;0.387159;0.003805;0.009629;0.009629;7;0.00087;0.470588;72;0.070339;0
"широкая улица";8;8;4;0.335916;0.355536;0;0.006279;0.006279;1;0.000424;1;28;0.043437;0
"свирская улица";12;12;4;0.34597;0.370531;0;0.012598;0.012598;1;0.000528;1;66;0.077415;0
"благодатная улица";50;50;4;0.365668;0.40917;0.001779;0.041529;0.041529;1;0.001634;0.438367;537;0.249918;0
"воздухоплавательная улица";12;12;4;0.34597;0.370531;0;0.012598;0.012598;1;0.000528;1;66;0.077415;0
"улица фучика";36;36;4;0.365514;0.400807;0.000434;0.038404;0.038404;1;0.001162;0.684127;431;0.216911;0
"бухарестская улица";53;53;4;0.38465;0.426663;0.001337;0.0532;0.0532;1;0.001588;0.536953;712;0.307703;0
"волковский проспект";49;49;4;0.383968;0.424356;0.001037;0.050956;0.050956;1;0.001466;0.58156;656;0.294009;0
"улица подвойского";45;45;4;0.371784;0.411861;0.001592;0.038962;0.038962;1;0.00141;0.554545;549;0.224583;0
"проспект солидарности";45;45;4;0.371784;0.411861;0.001408;0.039059;0.039059;1;0.001406;0.557576;552;0.225119;0
"российский проспект";43;43;4;0.367062;0.404844;0.001346;0.036044;0.036045;1;0.001302;0.581882;501;0.206304;0
"проспект пятилеток";28;28;5;0.330412;0.36461;0.000191;0.022615;0.022615;1;0.000941;0.825397;312;0.134231;0
"улица ворошилова";30;30;5;0.330412;0.36461;0.000191;0.022615;0.022615;1;0.000942;0.834975;339;0.137051;0
"улица бадаева";28;28;5;0.330412;0.36461;0.000191;0.022615;0.022615;1;0.000941;0.825397;312;0.134231;0
"искровский проспект";29;29;5;0.337748;0.372914;0.000073;0.024326;0.024326;1;0.000962;0.834975;339;0.145317;0
"улица тельмана";35;35;5;0.338275;0.375221;0.000114;0.027599;0.027599;1;0.00107;0.787879;442;0.169682;0
"народная улица";56;56;4;0.38465;0.42897;0.002354;0.049583;0.049583;1;0.001768;0.431169;664;0.280791;0
"володарский мост";55;55;4;0.384479;0.428393;0.002265;0.04903;0.04903;1;0.001739;0.441751;656;0.277886;0
"гамбургская площадь";25;25;5;0.330034;0.36288;0.000036;0.021181;0.021181;1;0.000857;0.913333;274;0.125802;0
"софийская площадь";23;23;5;0.329783;0.361726;0;0.019896;0.019896;1;0.00079;1;253;0.118417;0
"улица турку";28;28;5;0.331422;0.366148;0.000039;0.025873;0.025873;1;0.00092;0.775132;293;0.152126;0
"белградская улица";33;33;5;0.339069;0.376374;0.000091;0.029667;0.029667;1;0.001069;0.704545;372;0.175709;0
"пулковская улица";12;12;4;0.328658;0.350634;0.000082;0.008666;0.008666;1;0.000578;0.833333;55;0.05508;0
"улица фрунзе";7;7;4;0.327417;0.34679;0;0.006157;0.006157;1;0.000391;1;21;0.039129;0
"улица цимбалина";9;9;5;0.325573;0.349654;0;0.009076;0.009076;1;0.000417;1;36;0.055123;0
"проспект наставников";59;59;4;0.389663;0.435409;0.002634;0.075859;0.075859;3;0.001746;0.424898;727;0.390557;0
"ириновский проспект";29;29;4;0.365206;0.397732;0.000181;0.043403;0.043403;3;0.000929;0.647783;263;0.211794;0
"большая пороховская улица";36;36;4;0.375325;0.411476;0.000362;0.052228;0.052228;3;0.001116;0.61746;389;0.256133;0
8-я советская улица;16;16;4;0.357821;0.38466;0;0.028517;0.028517;3;0.000578;1;120;0.138077;0
"улица некрасова";36;36;4;0.371147;0.406094;0.000595;0.047599;0.047599;1;0.001119;0.58254;367;0.243512;0
"улица димитрова";32;32;4;0.361401;0.39677;0.000246;0.036236;0.036236;1;0.001037;0.705645;350;0.196218;0
"касимовская улица";39;39;4;0.368622;0.406863;0.000606;0.041795;0.041795;1;0.001241;0.623482;462;0.23126;0
"камчатская улица";23;23;5;0.353445;0.385775;0.000185;0.029455;0.029455;1;0.00079;0.841897;213;0.157636;0
"грузинская улица";27;27;4;0.348053;0.380142;0.000038;0.029848;0.029848;1;0.000892;0.849003;298;0.163373;0
"днепропетровская улица";26;26;5;0.341742;0.374145;0.000095;0.027442;0.027442;1;0.000883;0.858462;279;0.149039;0
"курская улица";26;26;5;0.341742;0.374145;0.000095;0.027442;0.027442;1;0.000883;0.858462;279;0.149039;0
"греческий проспект";21;21;5;0.335008;0.363764;0;0.022645;0.022645;1;0.00073;1;210;0.123311;0
9-я советская улица;21;21;5;0.335008;0.363764;0;0.022645;0.022645;1;0.00073;1;210;0.123311;0
"пражская улица";13;13;5;0.322425;0.34902;0.000028;0.014257;0.014257;1;0.000531;0.961538;75;0.077289;0
"русановская улица";18;18;5;0.339468;0.370627;0.000012;0.015378;0.015378;1;0.000702;0.921569;141;0.0866;0
"октябрьская набережная";29;29;5;0.359453;0.394387;0.000325;0.030811;0.030811;1;0.00101;0.635468;258;0.166734;0
"площадь бехтерева";17;17;5;0.339335;0.37005;0;0.014825;0.014825;1;0.000673;1;136;0.083696;0
"улица бехтерева";17;17;5;0.339335;0.37005;0;0.014825;0.014825;1;0.000673;1;136;0.083696;0
"хрустальная улица";17;17;5;0.339335;0.37005;0;0.014825;0.014825;1;0.000673;1;136;0.083696;0
"улица профессора качалова";17;17;5;0.339335;0.37005;0;0.014825;0.014825;1;0.000673;1;136;0.083696;0
"шлиссельбургский мост";17;17;5;0.339335;0.37005;0;0.014825;0.014825;1;0.000673;1;136;0.083696;0
"синопская набережная";17;17;5;0.339335;0.37005;0;0.014825;0.014825;1;0.000673;1;136;0.083696;0
"херсонская улица";28;28;5;0.37083;0.405825;0.001146;0.031545;0.031545;1;0.00096;0.589947;223;0.167537;0
"улица александра невского";17;17;5;0.339335;0.37005;0;0.014825;0.014825;1;0.000673;1;136;0.083696;0
"проспект металлистов";28;28;5;0.355911;0.39083;0.000107;0.038118;0.038118;3;0.000908;0.611111;231;0.189148;0
"заневская площадь";27;27;5;0.388267;0.417993;0.000269;0.042979;0.042979;3;0.00088;0.749288;263;0.22453;0
"манежный спуск";15;15;4;0.329032;0.351211;0.000019;0.001286;0.001286;4;0.000794;0.934066;85;0.019894;0
"манежная улица";11;11;4;0.321349;0.343329;0;0.001142;0.001142;4;0.000687;1;55;0.017001;0
"еленинская улица";15;15;4;0.329032;0.351211;0.000019;0.001286;0.001286;4;0.000794;0.934066;85;0.019894;0
"владимирская улица";11;11;4;0.321349;0.343329;0;0.001142;0.001142;4;0.000687;1;55;0.017001;0
"александровская улица";15;15;4;0.329032;0.351211;0.000019;0.001286;0.001286;4;0.000794;0.934066;85;0.019894;0
"ораниенбаумский проспект";13;13;4;0.329032;0.351211;0.000019;0.001286;0.001286;4;0.000787;0.935897;73;0.01918;0
"полигонный переулок";13;13;4;0.329032;0.351211;0.000019;0.001286;0.001286;4;0.000787;0.935897;73;0.01918;0
"улица победы";13;13;4;0.329032;0.351211;0.000019;0.001286;0.001286;4;0.000787;0.935897;73;0.01918;0
"михайловская улица";13;13;4;0.329032;0.351211;0.000019;0.001286;0.001286;4;0.000787;0.935897;73;0.01918;0
"улица жоры антоненко";11;11;4;0.336307;0.358035;0;0.00148;0.00148;4;0.000679;1;55;0.019922;0
"улица связи";11;11;4;0.336307;0.358035;0;0.00148;0.00148;4;0.000679;1;55;0.019922;0
"улица кипренского";11;11;4;0.336307;0.358035;0;0.00148;0.00148;4;0.000679;1;55;0.019922;0
"павловский проспект";11;11;4;0.336307;0.358035;0;0.00148;0.00148;4;0.000679;1;55;0.019922;0
"безымянный переулок";11;11;4;0.336307;0.358035;0;0.00148;0.00148;4;0.000679;1;55;0.019922;0
"песочная улица";11;11;4;0.336307;0.358035;0;0.00148;0.00148;4;0.000679;1;55;0.019922;0
"улица мира";35;35;4;0.365514;0.39802;0.008333;0.009101;0.009101;0;0.001448;0.556303;331;0.079179;0
"иликовский проспект";10;10;4;0.32123;0.342753;0;0.00112;0.001119;4;0.000634;1;45;0.016351;0
"оборонный мост";10;10;5;0.340936;0.362918;0;0.003928;0.003928;7;0.000491;1;45;0.035626;0
"улица александра матросова";7;7;5;0.34323;0.361476;0;0.002616;0.002616;1;0.000448;0.952381;20;0.024733;0
"горная улица";6;6;5;0.343095;0.3609;0;0.002314;0.002314;1;0.00041;1;15;0.021547;0
"улица аврова";17;17;5;0.305712;0.330027;0.000031;0.000816;0.000816;4;0.001077;0.608333;73;0.016975;0
"разводная улица";13;13;5;0.322545;0.345713;0.000085;0.001111;0.001111;4;0.000885;0.794872;62;0.017878;0
"бульвар разведчиков";6;6;5;0.304638;0.324644;0;0.00057;0.00057;4;0.000496;1;15;0.010089;0
"блан-менильская улица";10;10;5;0.305067;0.326951;0.000004;0.000638;0.000638;4;0.000753;0.822222;37;0.012456;0
"озерковая улица";15;15;5;0.322785;0.346867;0.000144;0.001136;0.001136;4;0.001018;0.714286;75;0.018897;0
"собственный проспект бобыльская дорога";4;4;5;0.304424;0.323491;0;0.000526;0.000526;4;0.00038;1;6;0.008696;0
"улица халтурина";11;11;5;0.305282;0.32772;0.00001;0.000677;0.000677;4;0.000832;0.709091;39;0.013221;0
"рубинштейнская улица";5;5;5;0.304638;0.32426;0;0.000577;0.000577;4;0.000433;1;10;0.009779;0
"бульвар разведчика";14;14;5;0.322665;0.34629;0.000108;0.001125;0.001125;4;0.000948;0.769231;70;0.018454;0
"мастеровой переулок";13;13;5;0.322545;0.345713;0.000085;0.001109;0.001109;4;0.000893;0.794872;62;0.017774;0
"бобыльская дорога";7;7;5;0.304745;0.325221;0;0.000589;0.000589;4;0.000565;1;21;0.010669;0
"гостилицкая улица";10;10;5;0.322185;0.343983;0;0.001072;0.001072;4;0.000694;1;45;0.016226;0
"гостилицкое шоссе";7;7;5;0.304852;0.325413;0;0.000693;0.000693;4;0.000536;1;21;0.011891;0
"улица шахматова";15;15;4;0.334362;0.358035;0.00049;0.001788;0.001788;4;0.001053;0.542857;57;0.022311;0
"луизинская улица";9;9;5;0.329157;0.350327;0;0.001526;0.001526;4;0.000715;1;36;0.016585;0
"сашинская дорога";9;9;5;0.329157;0.350327;0;0.001526;0.001526;4;0.000715;1;36;0.016585;0
"улица братьев горкушенко";9;9;5;0.329157;0.350327;0;0.001526;0.001526;4;0.000715;1;36;0.016585;0
"санинская дорога";9;9;5;0.329157;0.350327;0;0.001526;0.001526;4;0.000715;1;36;0.016585;0
"санинское шоссе";9;9;5;0.329157;0.350327;0;0.001526;0.001526;4;0.000715;1;36;0.016585;0
"бабигонская дорога";9;9;5;0.329157;0.350327;0;0.001526;0.001526;4;0.000715;1;36;0.016585;0
"университетский проспект";9;9;5;0.329157;0.350327;0;0.001526;0.001526;4;0.000715;1;36;0.016585;0
"набережная комсомольского канала";25;25;5;0.360499;0.389735;0.000323;0.008954;0.008954;7;0.000965;0.86;258;0.081806;0
"большой ижорский мост";17;17;5;0.320992;0.345329;0;0.004325;0.004325;7;0.000714;1;136;0.049774;0
"павловская улица";25;25;5;0.360499;0.389735;0.000323;0.008954;0.008954;7;0.000965;0.86;258;0.081806;0
"площадь коммуны";17;17;5;0.320992;0.345329;0;0.004325;0.004325;7;0.000714;1;136;0.049774;0
"адмиралтейская улица";42;42;5;0.388789;0.424721;0.001755;0.015236;0.015236;7;0.001466;0.570267;491;0.138799;0
"адмиралтейский мост";22;22;5;0.327046;0.353883;0.000108;0.005405;0.005405;7;0.000858;0.792208;183;0.06165;0
"елизаветинская улица";12;12;5;0.344458;0.365129;0.000001;0.003101;0.003101;1;0.000653;0.939394;62;0.031884;0
"мариинская улица";12;12;5;0.344458;0.365129;0.000001;0.003101;0.003101;1;0.000653;0.939394;62;0.031884;0
"улица обороны";12;12;5;0.344458;0.365129;0.000001;0.003101;0.003101;1;0.000653;0.939394;62;0.031884;0
"березовая улица";10;10;5;0.344184;0.363975;0;0.002708;0.002708;1;0.000578;1;45;0.027017;0
"снт павловское-2 0-я линия";10;10;5;0.344184;0.363975;0;0.002708;0.002708;1;0.000578;1;45;0.027017;0
"проспект просвещения";124;124;4;0.440997;0.502499;0.0398;0.078305;0.078304;3;0.004058;0.205372;1491;0.509095;0
"проспект культуры";45;45;4;0.401575;0.437812;0.004767;0.041658;0.041658;3;0.001506;0.44186;399;0.244367;0
"шоссейная улица";11;11;5;0.345832;0.368301;0;0.004592;0.004592;3;0.000504;0.977778;44;0.034678;0
"нагорная улица";9;9;5;0.345832;0.368301;0;0.004592;0.004592;3;0.000496;1;36;0.033784;0
"ленинградское шоссе";29;29;4;0.376139;0.406574;0.001215;0.016434;0.016433;3;0.001055;0.512821;180;0.118918;0
"улица дорожников";9;9;5;0.345832;0.368301;0;0.004592;0.004592;3;0.000496;1;36;0.033784;0
"улица советов";16;16;4;0.368309;0.393599;0.000183;0.012732;0.012732;3;0.000701;0.691667;83;0.08276;0
"спортивная улица";24;24;5;0.328907;0.35446;0;0.007798;0.007798;0;0.000927;1;276;0.061099;0
"южная дорога";24;24;5;0.328907;0.35446;0;0.007798;0.007798;0;0.000927;1;276;0.061099;0
"большой петровский мост";24;24;5;0.328907;0.35446;0;0.007798;0.007798;0;0.000927;1;276;0.061099;0
"улица савиной";24;24;5;0.328907;0.35446;0;0.007798;0.007798;0;0.000927;1;276;0.061099;0
"петровская площадь";24;24;5;0.328907;0.35446;0;0.007798;0.007798;0;0.000927;1;276;0.061099;0
"петровский проспект";24;24;5;0.328907;0.35446;0;0.007798;0.007798;0;0.000927;1;276;0.061099;0
"новоладожская улица";24;24;5;0.328907;0.35446;0;0.007798;0.007798;0;0.000927;1;276;0.061099;0
"улица красного курсанта";24;24;5;0.328907;0.35446;0;0.007798;0.007798;0;0.000927;1;276;0.061099;0
"корпусная улица";24;24;5;0.328907;0.35446;0;0.007798;0.007798;0;0.000927;1;276;0.061099;0
"кронверкская улица";24;24;5;0.328907;0.35446;0;0.007798;0.007798;0;0.000927;1;276;0.061099;0
"улица котовского";24;24;5;0.328907;0.35446;0;0.007798;0.007798;0;0.000927;1;276;0.061099;0
"большая монетная улица";24;24;5;0.328907;0.35446;0;0.007798;0.007798;0;0.000927;1;276;0.061099;0
"улица чапаева";24;24;5;0.328907;0.35446;0;0.007798;0.007798;0;0.000927;1;276;0.061099;0
"гренадерский мост";24;24;5;0.328907;0.35446;0;0.007798;0.007798;0;0.000927;1;276;0.061099;0
"гренадерская улица";24;24;5;0.328907;0.35446;0;0.007798;0.007798;0;0.000927;1;276;0.061099;0
"улица смолячкова";30;30;5;0.358264;0.390215;0.002932;0.012198;0.012198;0;0.001141;0.682759;297;0.090935;0
"малоохтинский проспект";15;15;5;0.349738;0.377566;0;0.020464;0.020464;1;0.00058;1;105;0.108713;0
"таллинская улица";15;15;5;0.349738;0.377566;0;0.020464;0.020464;1;0.00058;1;105;0.108713;0
"проспект шаумяна";25;25;5;0.355328;0.388524;0.00016;0.034508;0.034508;3;0.000849;0.65;195;0.177491;0
"магнитогорская улица";15;15;5;0.349738;0.377566;0;0.020464;0.020464;1;0.00058;1;105;0.108713;0
"улица полярников";28;28;5;0.319102;0.35371;0.000153;0.024738;0.024738;1;0.000935;0.582011;220;0.145436;0
"улица кржижановского";35;35;5;0.347356;0.384102;0.000717;0.029353;0.029353;1;0.001143;0.573109;341;0.166688;0
"проезд вдоль станции ""сортировочная""";8;8;5;0.298862;0.322626;0;0.008187;0.008187;1;0.000385;1;28;0.047422;0
"товарищеский проспект";22;22;5;0.332311;0.361419;0.000198;0.018613;0.018613;3;0.000786;0.805195;186;0.100799;0
"улица чудновского";32;32;5;0.346939;0.382372;0.000521;0.027206;0.027206;1;0.001062;0.608871;302;0.152076;0
"улица латышских стрелков";10;10;5;0.284823;0.305882;0;0.006756;0.006756;1;0.000445;1;45;0.039557;0
"российский мост";20;20;5;0.332057;0.360265;0.000005;0.019494;0.019494;3;0.000716;0.905263;172;0.102701;0
"российский путепровод";20;20;5;0.332057;0.360265;0.000005;0.019494;0.019494;3;0.000716;0.905263;172;0.102701;0
"проспект энтузиастов";29;29;5;0.342688;0.376701;0.000127;0.033261;0.03326;3;0.00096;0.64532;262;0.169946;0
"индустриальный проспект";49;49;5;0.363674;0.407939;0.00183;0.054886;0.054886;3;0.001498;0.42517;500;0.287969;0
"жириновский проспект";18;18;5;0.331803;0.359112;0;0.017163;0.017163;3;0.000663;1;153;0.091502;0
"улица потапова";18;18;5;0.331803;0.359112;0;0.017163;0.017163;3;0.000663;1;153;0.091502;0
"улица химиков";22;22;5;0.341204;0.371895;0.000048;0.022645;0.022645;3;0.000771;0.805195;186;0.118493;0
"товарищевский проспект";13;13;5;0.308431;0.334006;0;0.011712;0.011712;1;0.00052;1;78;0.069032;0
"рабфаковская улица";17;17;5;0.311534;0.337351;0.000185;0.005966;0.005966;7;0.000727;0.654412;89;0.048744;0
"запорожская улица";6;6;5;0.299793;0.319204;0;0.003719;0.003719;1;0.000378;1;15;0.024335;0
"улица грибакиных";6;6;5;0.299793;0.319204;0;0.003719;0.003719;1;0.000378;1;15;0.024335;0
"проспект александровской фермы -улица бабушкина";11;11;5;0.310864;0.333891;0;0.004415;0.004415;7;0.000501;1;55;0.03708;0
"шлиссельбургский проспект";31;31;4;0.357231;0.386101;0.001035;0.009244;0.009244;7;0.001016;0.724868;274;0.093456;0
"улица дмитрия устинова";29;29;4;0.357231;0.386101;0.001035;0.009244;0.009244;7;0.001014;0.706553;248;0.091249;0
"тепловозная улица";35;35;4;0.357231;0.386101;0.001049;0.010277;0.010277;7;0.001019;0.706553;248;0.104129;0
"прибрежная улица";29;29;4;0.357231;0.386101;0.001035;0.009244;0.009244;7;0.001014;0.706553;248;0.091249;0
"советский проспект";47;47;4;0.368153;0.405998;0.009283;0.010551;0.010551;7;0.001711;0.410101;406;0.118666;0
"усть-ижора";29;29;4;0.35002;0.377451;0.000978;0.008451;0.008451;7;0.000918;0.695652;192;0.083541;0
"металлострой";16;16;5;0.320044;0.34481;0.001303;0.005084;0.005084;7;0.000772;0.571429;60;0.043987;0
"задворная улица";11;11;5;0.312996;0.338504;0;0.010278;0.010278;1;0.000469;1;55;0.062535;0
"путепровод александровской фермы";12;12;5;0.309643;0.334487;0;0.012098;0.012098;1;0.000495;1;66;0.069803;0
"понтонный";27;27;4;0.349456;0.375913;0.000798;0.008473;0.008473;7;0.000839;0.744589;172;0.083109;0
"сапёрный";26;26;4;0.349456;0.375913;0.00074;0.008173;0.008173;7;0.000838;0.744589;172;0.080402;0
"казанская улица";14;14;5;0.333462;0.359785;0;0.023563;0.023563;3;0.000533;1;91;0.116315;0
"муринская дорога";35;35;5;0.374352;0.40742;0.000621;0.040226;0.040226;3;0.001121;0.639929;359;0.223531;0
"токсовское шоссе";40;40;4;0.38482;0.418877;0.000989;0.043216;0.043216;3;0.001281;0.564103;418;0.244503;0
"гражданский проспект";86;86;4;0.412464;0.462899;0.007179;0.076893;0.076892;3;0.002597;0.32493;1160;0.459482;0
"улица демьяна бедного";47;47;5;0.394989;0.432795;0.001488;0.050559;0.050558;3;0.00149;0.525439;568;0.294571;0
"улица бонч-бруевича";17;17;5;0.335008;0.362668;0;0.026225;0.026225;3;0.00061;1;136;0.127688;0
"лафонская улица";19;19;5;0.335008;0.362668;0;0.026225;0.026225;3;0.000613;0.973856;149;0.130183;0
"площадь растрелли";17;17;5;0.335008;0.362668;0;0.026225;0.026225;3;0.00061;1;136;0.127688;0
"потёмкинская улица";17;17;5;0.335008;0.362668;0;0.026225;0.026225;3;0.00061;1;136;0.127688;0
"екатерининский проспект";4;4;5;0.327541;0.347962;0;0.00866;0.00866;3;0.000275;1;6;0.04415;0
"учительская улица";18;18;5;0.347495;0.376894;0;0.029147;0.029147;3;0.000632;1;153;0.155802;0
"улица ушинского";57;57;5;0.391069;0.432314;0.002202;0.052939;0.052939;3;0.001779;0.469925;750;0.320159;0
"большой ильинский мост";26;26;5;0.348613;0.381507;0.000057;0.037082;0.037082;3;0.000851;0.778462;253;0.194084;0
"арсенальная улица";25;25;5;0.34107;0.372568;0.000035;0.033227;0.033226;3;0.00083;0.753333;226;0.166127;0
"арсенальная набережная";25;25;5;0.34107;0.372568;0.000035;0.033227;0.033226;3;0.00083;0.753333;226;0.166127;0
"площадь ленина";25;25;5;0.34107;0.372568;0.000035;0.033227;0.033226;3;0.00083;0.753333;226;0.166127;0
"улица прокофьева";69;69;4;0.418234;0.462899;0.01281;0.043899;0.043899;3;0.00239;0.28885;658;0.289005;0
"улица симонова";49;49;5;0.39213;0.430488;0.004812;0.039222;0.039222;3;0.001664;0.443878;522;0.249155;0
"улица композиторов";53;53;4;0.399723;0.440023;0.005358;0.036915;0.036914;3;0.001886;0.343137;455;0.229218;0
"улица сикейроса";25;25;5;0.364133;0.394637;0.00005;0.029824;0.029824;3;0.000863;0.9;270;0.169546;0
"проспект художников";48;48;4;0.384479;0.422338;0.00139;0.044839;0.044838;3;0.001589;0.48227;544;0.261074;0
"улица есенина";34;34;5;0.365514;0.399827;0.000285;0.035097;0.035097;3;0.001145;0.666667;374;0.201654;0
"проспект тореза";46;46;5;0.373224;0.412514;0.00116;0.04426;0.04426;3;0.001466;0.576812;597;0.270487;0
"площадь мужества";41;41;5;0.371306;0.408285;0.000585;0.041811;0.04181;3;0.001313;0.642683;527;0.249766;0
"проспект непокорённых";48;48;5;0.374352;0.414629;0.000975;0.04817;0.04817;3;0.00152;0.554078;625;0.283845;0
"уманский переулок";6;6;5;0.328907;0.350846;0;0.011584;0.011584;3;0.000348;1;15;0.05818;0
"анисимовская дорога";6;6;5;0.328907;0.350846;0;0.011584;0.011584;3;0.000348;1;15;0.05818;0
"рябовское шоссе";10;10;5;0.326677;0.352288;0.000132;0.009511;0.009511;3;0.000545;0.644444;29;0.048879;0
"автобусный переулок";29;29;5;0.323991;0.35767;0.000071;0.02173;0.021729;5;0.000997;0.753695;306;0.150244;0
"автобусная улица";29;29;5;0.323991;0.35767;0.000071;0.02173;0.021729;5;0.000997;0.753695;306;0.150244;0
"ново-никитская улица";9;9;5;0.297121;0.318916;0;0.005925;0.005925;5;0.000423;1;36;0.043384;0
"шуваловский проспект";61;61;5;0.360649;0.405306;0.001949;0.025156;0.025155;5;0.001994;0.442938;784;0.211882;0
"вербная улица";48;48;5;0.357378;0.396367;0.003517;0.026629;0.026629;5;0.001644;0.492908;556;0.198345;0
"афонская улица";47;47;5;0.357231;0.39579;0.003498;0.026312;0.026311;5;0.001613;0.493987;534;0.195256;0
"улица аккуратова";42;42;5;0.336438;0.37599;0.002138;0.022953;0.022953;5;0.001487;0.518002;446;0.167046;0
"фермское шоссе";42;42;5;0.336438;0.37599;0.002138;0.022953;0.022953;5;0.001487;0.518002;446;0.167046;0
"скобелевский проспект";42;42;5;0.336438;0.37599;0.002138;0.022953;0.022953;5;0.001487;0.518002;446;0.167046;0
"северная площадь";44;44;5;0.367373;0.404537;0.00071;0.033562;0.033561;3;0.001443;0.549683;520;0.222028;0
"комендантская площадь";50;50;4;0.365514;0.40494;0.001934;0.018674;0.018674;5;0.001729;0.479184;587;0.164611;0
"комендантский проспект";40;40;4;0.357969;0.393118;0.00116;0.016323;0.016322;5;0.001426;0.529487;413;0.139329;0
"проспект королёва";42;42;5;0.360349;0.395309;0.000827;0.016972;0.016971;5;0.001403;0.602439;494;0.149226;0
"улица шаврова";31;31;5;0.32717;0.358151;0.000258;0.011781;0.01178;5;0.001115;0.660215;307;0.105876;0
"проспект авиаконструкторов";36;36;5;0.353589;0.386467;0.000597;0.014696;0.014696;5;0.001226;0.635294;378;0.128246;0
"глухарская улица";37;37;5;0.354022;0.388197;0.000629;0.015979;0.015979;5;0.001314;0.603604;402;0.136159;0
"долгоозёрная улица";17;17;5;0.330286;0.357151;0;0.008289;0.008289;5;0.00069;1;136;0.06906;0
"ольховая улица";17;17;5;0.330286;0.357151;0;0.008289;0.008289;5;0.00069;1;136;0.06906;0
"солунская улица";17;17;5;0.330286;0.357151;0;0.008289;0.008289;5;0.00069;1;136;0.06906;0
3-я линия 1-й половины;17;17;5;0.330286;0.357151;0;0.008289;0.008289;5;0.00069;1;136;0.06906;0
"мебельная улица";16;16;5;0.287372;0.311419;0.000002;0.006136;0.006136;5;0.000645;0.933333;112;0.056582;0
"богатырский проспект";54;54;5;0.364286;0.406459;0.001191;0.030417;0.030416;5;0.001766;0.490566;702;0.229825;0
"камышовая улица";37;37;5;0.358264;0.391561;0.000631;0.015218;0.015217;5;0.001234;0.679365;428;0.134844;0
"улица ильюшина";35;35;5;0.358264;0.391561;0.000631;0.015218;0.015217;5;0.001232;0.663866;395;0.131868;0
"торфяная дорога";36;36;4;0.370196;0.403691;0.000976;0.02351;0.02351;5;0.001229;0.584127;368;0.170029;0
"улица уточкина";40;40;4;0.36398;0.399173;0.000966;0.016482;0.016481;5;0.0014;0.594872;464;0.144639;0
"серебристый бульвар";17;17;5;0.321946;0.345559;0;0.007538;0.007537;5;0.00067;1;136;0.06814;0
"проспект сизова";17;17;5;0.321946;0.345559;0;0.007538;0.007537;5;0.00067;1;136;0.06814;0
"проспект авиакострукторов";12;12;5;0.286896;0.30892;0;0.004535;0.004535;5;0.000535;1;66;0.042115;0
"улица летчика паршина";13;13;5;0.286991;0.309496;0;0.004865;0.004865;5;0.000564;0.987179;77;0.045398;0
"улица академика харитона";26;26;5;0.288615;0.317762;0.000153;0.008023;0.008022;5;0.001038;0.627692;204;0.073494;0
"стародеревенская улица";33;33;5;0.357969;0.390408;0.000595;0.014595;0.014594;5;0.001171;0.691288;365;0.126491;0
"шуваловский проспет";13;13;5;0.287086;0.309689;0;0.005157;0.005157;5;0.000553;1;78;0.04757;0
"площадь сикорского";29;29;5;0.33359;0.366474;0.000077;0.013054;0.013054;5;0.001039;0.753695;306;0.112445;0
"проспект королева";26;26;5;0.332057;0.362245;0.000041;0.010879;0.010879;5;0.000895;0.86;258;0.095283;0
"долгоозерная улица";24;24;5;0.332057;0.362245;0.000041;0.010879;0.010879;5;0.000892;0.851449;235;0.093134;0
"дорога в каменку";20;20;5;0.331549;0.359938;0;0.009251;0.009251;5;0.000773;1;190;0.079097;0
"суздальское шоссе";20;20;5;0.331549;0.359938;0;0.009251;0.009251;5;0.000773;1;190;0.079097;0
"улица хошимина";37;37;4;0.375325;0.410035;0.002267;0.014294;0.014294;5;0.001461;0.451952;301;0.121644;0
"улица жени егоровой";28;28;4;0.344732;0.377643;0.00045;0.012333;0.012332;5;0.001051;0.671958;254;0.103925;0
"приморский проспект";32;32;4;0.359155;0.389754;0.009183;0.010552;0.010552;6;0.001351;0.483871;240;0.0912;0
"горское шоссе";10;10;5;0.308651;0.327951;0;0.003023;0.003022;5;0.000425;1;36;0.028464;0
"левашовское шоссе";10;10;5;0.308651;0.327951;0;0.003023;0.003022;5;0.000425;1;36;0.028464;0
"липовая аллея";27;27;4;0.368622;0.398308;0.00046;0.021233;0.021232;5;0.000947;0.754986;265;0.146534;0
"улица черкасова";31;31;5;0.358116;0.389831;0.00025;0.023913;0.023912;3;0.001085;0.673118;313;0.160187;0
"киришская улица";31;31;5;0.358116;0.389831;0.00025;0.023913;0.023912;3;0.001085;0.673118;313;0.160187;0
"тимуровская улица";34;34;5;0.3611;0.39406;0.000314;0.028073;0.028073;3;0.001148;0.664884;373;0.179756;0
"нартовская улица";26;26;5;0.352582;0.382795;0.000056;0.027673;0.027673;3;0.000891;0.8;260;0.16412;0
"меншиковский проспект";26;26;5;0.352582;0.382795;0.000056;0.027673;0.027673;3;0.000891;0.8;260;0.16412;0
"шафировский проспект";26;26;5;0.352582;0.382795;0.000056;0.027673;0.027673;3;0.000891;0.8;260;0.16412;0
"улица софьи ковалевской";17;17;5;0.333205;0.35915;0.000003;0.018221;0.018221;3;0.000641;0.933824;127;0.107444;0
"пискаревский проспект- брюсовская улица";19;19;5;0.342147;0.369243;0;0.01775;0.01775;3;0.00071;1;171;0.108123;0
"проспект непокоренных";19;19;5;0.342147;0.369243;0;0.01775;0.01775;3;0.00071;1;171;0.108123;0
"набережная реки фонтанки";16;16;5;0.315273;0.33885;0;0.003078;0.003078;6;0.000877;1;120;0.024929;0
"улица белинского";16;16;5;0.315273;0.33885;0;0.003078;0.003078;6;0.000877;1;120;0.024929;0
"литейный проспект";16;16;5;0.315273;0.33885;0;0.003078;0.003078;6;0.000877;1;120;0.024929;0
"пироговская набережная";16;16;5;0.315273;0.33885;0;0.003078;0.003078;6;0.000877;1;120;0.024929;0
"выборгская набережная";16;16;5;0.315273;0.33885;0;0.003078;0.003078;6;0.000877;1;120;0.024929;0
"зсд";16;16;5;0.315273;0.33885;0;0.003078;0.003078;6;0.000877;1;120;0.024929;0
e18;16;16;5;0.315273;0.33885;0;0.003078;0.003078;6;0.000877;1;120;0.024929;0
e75;16;16;5;0.315273;0.33885;0;0.003078;0.003078;6;0.000877;1;120;0.024929;0
hämeentie;16;16;5;0.315273;0.33885;0;0.003078;0.003078;6;0.000877;1;120;0.024929;0
sturenkatu;16;16;5;0.315273;0.33885;0;0.003078;0.003078;6;0.000877;1;120;0.024929;0
helsinginkatu;16;16;5;0.315273;0.33885;0;0.003078;0.003078;6;0.000877;1;120;0.024929;0
mannerheimintie;16;16;5;0.315273;0.33885;0;0.003078;0.003078;6;0.000877;1;120;0.024929;0
pohjoinen rautatiekatu;16;16;5;0.315273;0.33885;0;0.003078;0.003078;6;0.000877;1;120;0.024929;0
eteläinen rautatiekatu;16;16;5;0.315273;0.33885;0;0.003078;0.003078;6;0.000877;1;120;0.024929;0
"шотландское шоссе";7;7;5;0.303997;0.323068;0;0.004323;0.004323;4;0.000407;1;21;0.023945;0
"боровая улица";10;10;5;0.294497;0.316494;0;0.008016;0.008016;1;0.000451;1;45;0.045236;0
"павловск";8;8;4;0.326185;0.344579;0;0.004141;0.004141;1;0.000396;1;21;0.031081;0
"тярлево";8;8;4;0.326185;0.344579;0;0.004141;0.004141;1;0.000396;1;21;0.031081;0
"звездная улица";8;8;5;0.28987;0.310611;0;0.004329;0.004329;1;0.000441;1;28;0.027373;0
"алмазный мост";8;8;5;0.28987;0.310611;0;0.004329;0.004329;1;0.000441;1;28;0.027373;0
"улица пограничников";25;25;4;0.33462;0.360534;0.000289;0.001941;0.001941;2;0.00115;0.79;237;0.039476;0
"набережная реки сестры";25;25;4;0.33462;0.360534;0.000289;0.001941;0.001941;2;0.00115;0.79;237;0.039476;0
"улица борисова";27;27;4;0.334878;0.361688;0.000334;0.001991;0.001991;2;0.001239;0.740741;260;0.041093;0
"улица мосина";27;27;4;0.334878;0.361688;0.000334;0.001991;0.001991;2;0.001239;0.740741;260;0.041093;0
2-я поперечная улица;25;25;5;0.344869;0.37228;0.004392;0.006587;0.006587;2;0.001143;0.61;183;0.05639;0
2-я тарховская улица;16;16;5;0.303997;0.324894;0;0.001273;0.001273;2;0.00079;1;120;0.026175;0
"тарховский проспект";19;19;5;0.313676;0.336909;0.000009;0.001537;0.001537;2;0.000904;0.982456;168;0.031004;0
"федотовская дорожка";19;19;5;0.313676;0.336909;0.000009;0.001537;0.001537;2;0.000904;0.982456;168;0.031004;0
"проспект красных командиров";19;19;5;0.313676;0.336909;0.000009;0.001537;0.001537;2;0.000904;0.982456;168;0.031004;0
"большая горская улица";19;19;5;0.313676;0.336909;0.000009;0.001537;0.001537;2;0.000904;0.982456;168;0.031004;0
"проспект муромцева";19;19;5;0.313676;0.336909;0.000009;0.001537;0.001537;2;0.000904;0.982456;168;0.031004;0
"жуков переулок";18;18;5;0.313562;0.336332;0;0.001512;0.001512;2;0.000862;1;153;0.030134;0
3-я тарховская улица;18;18;5;0.313562;0.336332;0;0.001512;0.001512;2;0.000862;1;153;0.030134;0
"улица токарева";17;17;5;0.316886;0.340369;0.000002;0.001425;0.001425;2;0.000839;0.941176;128;0.028943;0
"транспортная улица";19;19;5;0.316886;0.340369;0.000002;0.001425;0.001425;2;0.000844;0.947712;145;0.029907;0
"дегтярёв переулок";15;15;5;0.316654;0.339216;0;0.001375;0.001375;2;0.00075;1;105;0.027326;0
"улица инструментальщиков";17;17;5;0.316886;0.340369;0.000002;0.001425;0.001425;2;0.000839;0.941176;128;0.028943;0
"приморского шоссе";15;15;5;0.316654;0.339216;0;0.001375;0.001375;2;0.00075;1;105;0.027326;0
"приморское шоссе- транспортная улица";13;13;5;0.316423;0.338062;0;0.001296;0.001296;2;0.000673;1;78;0.024726;0
"приморское шоссе боковой проезд приморского шоссе";13;13;5;0.316423;0.338062;0;0.001296;0.001296;2;0.000673;1;78;0.024726;0
"сестрорецкое шоссе";10;10;4;0.349034;0.370338;0;0.002557;0.002557;2;0.000542;1;45;0.03103;0
"лесной проспект";7;7;5;0.334749;0.355113;0;0.005096;0.005095;3;0.0004;1;21;0.035133;0
"улица академика лебедева";7;7;5;0.334749;0.355113;0;0.005096;0.005095;3;0.0004;1;21;0.035133;0
"лесопарковая улица";6;6;5;0.306794;0.326374;0;0.005179;0.005179;3;0.000393;1;15;0.026686;0
"поперечная улица";6;6;5;0.306794;0.326374;0;0.005179;0.005179;3;0.000393;1;15;0.026686;0
"ржевская улица";5;5;5;0.305605;0.323606;0;0.005298;0.005298;3;0.000333;1;10;0.026541;0
"челябинская улица";18;18;5;0.349315;0.376567;0.000563;0.017782;0.017781;3;0.000733;0.614379;94;0.099264;0
"дорога к ксм";16;16;5;0.34323;0.366763;0;0.006876;0.006876;7;0.000665;1;120;0.056353;0
"дорога на дск";16;16;5;0.34323;0.366763;0;0.006876;0.006876;7;0.000665;1;120;0.056353;0
"карлинский путепровод";10;10;4;0.35087;0.368128;0;0.004148;0.004148;1;0.000523;1;45;0.03778;0
"малое карлино";10;10;4;0.35087;0.368128;0;0.004148;0.004148;1;0.000523;1;45;0.03778;0
"садовая улица – детскосельская улица";14;14;4;0.350303;0.368704;0;0.004926;0.004926;1;0.000658;1;91;0.047794;0
"старогатчинское шоссе";12;12;4;0.343911;0.361496;0;0.005076;0.005076;1;0.000575;1;66;0.046493;0
"улица шишкина";7;7;4;0.344732;0.365725;0;0.004719;0.004719;3;0.000396;1;21;0.036355;0
"токсовская улица";20;20;5;0.333718;0.361073;0.000018;0.01774;0.01774;3;0.000775;0.805263;153;0.104448;0
"токсовский тоннель";20;20;5;0.333718;0.361073;0.000018;0.01774;0.01774;3;0.000775;0.805263;153;0.104448;0
"придорожная аллея";23;23;5;0.344732;0.373664;0.000115;0.019552;0.019552;3;0.000866;0.632411;160;0.117995;0
"сиреневый бульвар";18;18;5;0.340267;0.367224;0.000036;0.01622;0.01622;3;0.000708;0.738562;113;0.094932;0
"улица бутлерова";11;11;5;0.323387;0.34727;0;0.011558;0.011558;3;0.00048;1;55;0.066374;0
"васнецовский проспект";13;13;5;0.332821;0.357036;0;0.012829;0.012829;3;0.000549;1;78;0.074578;0
"челябинский мост";13;13;5;0.332821;0.357036;0;0.012829;0.012829;3;0.000549;1;78;0.074578;0
"улица руднева";19;19;5;0.340936;0.365975;0.000051;0.013162;0.013162;3;0.000698;0.699346;107;0.084612;0
"поэтический бульвар";10;10;5;0.333205;0.354248;0;0.007725;0.007724;3;0.000476;1;45;0.0467;0
"кушелевская дорога";10;10;5;0.333205;0.354248;0;0.007725;0.007724;3;0.000476;1;45;0.0467;0
"зеленогорск";11;11;5;0.33462;0.354998;0;0.002665;0.002665;5;0.000597;1;55;0.02633;0
"комарово";11;11;5;0.33462;0.354998;0;0.002665;0.002665;5;0.000597;1;55;0.02633;0
"репино";11;11;5;0.33462;0.354998;0;0.002665;0.002665;5;0.000597;1;55;0.02633;0
"солнечное";11;11;5;0.33462;0.354998;0;0.002665;0.002665;5;0.000597;1;55;0.02633;0
"лахтинский проспект";15;15;5;0.338144;0.361726;0.000025;0.003887;0.003887;5;0.000718;0.761905;80;0.038072;0
"карельский переулок";11;11;5;0.33462;0.354998;0;0.002665;0.002665;5;0.000597;1;55;0.02633;0
"удельный проспект";13;13;6;0.277885;0.298539;0;0.003313;0.003313;5;0.000636;1;78;0.029694;0
"поклонногорская улица";13;13;6;0.277885;0.298539;0;0.003313;0.003313;5;0.000636;1;78;0.029694;0
"большая озёрная улица";13;13;6;0.277885;0.298539;0;0.003313;0.003313;5;0.000636;1;78;0.029694;0
"приморская улица";13;13;6;0.277885;0.298539;0;0.003313;0.003313;5;0.000636;1;78;0.029694;0
"новоорловская улица";13;13;6;0.277885;0.298539;0;0.003313;0.003313;5;0.000636;1;78;0.029694;0
"заповедная улица";13;13;6;0.277885;0.298539;0;0.003313;0.003313;5;0.000636;1;78;0.029694;0
"заповедная аллея";13;13;6;0.277885;0.298539;0;0.003313;0.003313;5;0.000636;1;78;0.029694;0
"парголово";29;29;5;0.339867;0.369992;0.000189;0.019965;0.019965;3;0.00098;0.525362;145;0.134018;0
8-й верхний переулок;13;13;5;0.333462;0.358362;0;0.009404;0.009404;3;0.000581;1;78;0.061438;0
6-й верхний переулок;13;13;5;0.333462;0.358362;0;0.009404;0.009404;3;0.000581;1;78;0.061438;0
"домостроительная улица";13;13;5;0.333462;0.358362;0;0.009404;0.009404;3;0.000581;1;78;0.061438;0
5-й верхний переулок;13;13;5;0.333462;0.358362;0;0.009404;0.009404;3;0.000581;1;78;0.061438;0
1-й верхний переулок;20;20;4;0.345006;0.372165;0.00023;0.013131;0.013131;3;0.000755;0.735294;100;0.088123;0
"бугровский путепровод";18;18;4;0.345006;0.372165;0.00023;0.010843;0.010843;3;0.000752;0.735294;100;0.073452;0
"новоприозерское шоссе";13;13;4;0.337748;0.362841;0;0.006752;0.006751;3;0.00057;1;66;0.054625;0
"подъезд к трк ""мега парнас""";13;13;4;0.337748;0.362841;0;0.006752;0.006751;3;0.00057;1;66;0.054625;0
"порошкино";13;13;4;0.337748;0.362841;0;0.006752;0.006751;3;0.00057;1;66;0.054625;0
"юкки";13;13;4;0.337748;0.362841;0;0.006752;0.006751;3;0.00057;1;66;0.054625;0
"парнасский путепровод";10;10;5;0.324963;0.347924;0;0.008468;0.008468;3;0.000465;1;45;0.055431;0
"улица корнея чуковского";9;9;5;0.322065;0.345213;0;0.008835;0.008835;3;0.00044;1;36;0.052639;0
"проспект маршака";9;9;5;0.322065;0.345213;0;0.008835;0.008835;3;0.00044;1;36;0.052639;0
"улица ломоносова";10;10;5;0.334104;0.350135;0;0.004142;0.004142;1;0.000509;1;45;0.037488;0
"дорога к казанскому кладбищу";13;13;5;0.33462;0.352057;0;0.004774;0.004774;1;0.000617;1;78;0.043981;0
"кудрово";1;1;5;0.284542;0.296963;0;0.000318;0.000318;7;0.00021;0;0;0.004027;0
"верхняя улица";7;7;4;0.323507;0.344867;0;0.003983;0.003983;3;0.000415;1;21;0.028431;0
"бугры";7;7;4;0.323507;0.344867;0;0.003983;0.003983;3;0.000415;1;21;0.028431;0
"нелидово";3;3;5;0.284729;0.298116;0;0.000331;0.000331;7;0.000489;1;3;0.004652;0
"западная двина";3;3;5;0.284729;0.298116;0;0.000331;0.000331;7;0.000489;1;3;0.004652;0
"торопец";3;3;5;0.284729;0.298116;0;0.000331;0.000331;7;0.000489;1;3;0.004652;0
"тельмана";12;12;5;0.317582;0.337447;0.000052;0.00245;0.00245;7;0.000501;0.872727;48;0.029935;0
"караваевская улица";11;11;5;0.302618;0.322107;0;0.002145;0.002145;7;0.00047;1;45;0.027169;0
"ушково";8;8;5;0.285197;0.301;0;0.000369;0.000369;7;0.000844;1;28;0.006915;0
"серово  молодёжное";8;8;5;0.285197;0.301;0;0.000369;0.000369;7;0.000844;1;28;0.006915;0
"смолячково";8;8;5;0.285197;0.301;0;0.000369;0.000369;7;0.000844;1;28;0.006915;0
"приветнинское";8;8;5;0.285197;0.301;0;0.000369;0.000369;7;0.000844;1;28;0.006915;0
"песочное";8;8;5;0.285197;0.301;0;0.000369;0.000369;7;0.000844;1;28;0.006915;0
"пески";8;8;5;0.285197;0.301;0;0.000369;0.000369;7;0.000844;1;28;0.006915;0
"боровое";8;8;5;0.285197;0.301;0;0.000369;0.000369;7;0.000844;1;28;0.006915;0
"озерки";8;8;5;0.285197;0.301;0;0.000369;0.000369;7;0.000844;1;28;0.006915;0
"левашово";6;6;5;0.321707;0.342734;0;0.004308;0.004308;3;0.000358;1;15;0.031795;0
"дорога на каменку";6;6;5;0.321707;0.342734;0;0.004308;0.004308;3;0.000358;1;15;0.031795;0
"тихоокеанская улица";7;7;5;0.342282;0.363014;0;0.004404;0.004404;3;0.00044;1;21;0.033605;0
"марьино";2;2;5;0.284636;0.297539;0;0.000324;0.000324;7;0.000366;1;1;0.004323;0
"ольгино";2;2;5;0.284636;0.297539;0;0.000324;0.000324;7;0.000366;1;1;0.004323;0
"коннолахтинский проспект";7;7;5;0.268089;0.282641;0;0.000126;0.000126;2;0.000922;1;21;0.003453;0
1-я конная лахта;7;7;5;0.268089;0.282641;0;0.000126;0.000126;2;0.000922;1;21;0.003453;0
3-я конная лахта;7;7;5;0.268089;0.282641;0;0.000126;0.000126;2;0.000922;1;21;0.003453;0
"коннолахтинская дорога";7;7;5;0.268089;0.282641;0;0.000126;0.000126;2;0.000922;1;21;0.003453;0
"ивинская улица";7;7;5;0.268089;0.282641;0;0.000126;0.000126;2;0.000922;1;21;0.003453;0
"юнтоловский проспект";7;7;5;0.268089;0.282641;0;0.000126;0.000126;2;0.000922;1;21;0.003453;0
"гладышевский проспект";7;7;5;0.268089;0.282641;0;0.000126;0.000126;2;0.000922;1;21;0.003453;0
"дорога на александровку";3;3;5;0.299585;0.313725;0;0.00062;0.00062;1;0.000339;1;3;0.006609;0
"александровская";3;3;5;0.299585;0.313725;0;0.00062;0.00062;1;0.000339;1;3;0.006609;0
"проспект будённого";3;3;6;0.236691;0.245944;0;0.00011;0.00011;4;0.000424;1;3;0.001758;0
"улица свердлова";3;3;6;0.236691;0.245944;0;0.00011;0.00011;4;0.000424;1;3;0.001758;0
"заячий проспект";5;5;5;0.255677;0.268185;0;0.000228;0.000228;4;0.000445;1;10;0.004623;0
3-й рыбацкий проезд;3;3;5;0.271957;0.284064;0;0.000298;0.000298;7;0.000356;1;3;0.003084;0
4-й рыбацкий проезд;3;3;5;0.271957;0.284064;0;0.000298;0.000298;7;0.000356;1;3;0.003084;0
"вознесенское шоссе";4;4;5;0.253361;0.26263;0;0.000038;0.000038;7;0.000766;1;6;0.001424;0
"понтонная улица";4;4;5;0.253361;0.26263;0;0.000038;0.000038;7;0.000766;1;6;0.001424;0
"понтонный проезд";4;4;5;0.253361;0.26263;0;0.000038;0.000038;7;0.000766;1;6;0.001424;0
"колпинская улица";4;4;5;0.253361;0.26263;0;0.000038;0.000038;7;0.000766;1;6;0.001424;0
