1, 6
1, 7
1, 10
1, 24
1, 25
1, 33
1, 41
1, 42
1, 46
1, 47
1, 49
1, 94
1, 98
1, 100
1, 122
1, 128
1, 137
1, 151
1, 152
1, 185
1, 191
1, 197
2, 2а
2, 3
2, 6
2, 13а
2, 13
2, 17
2, 18а
2, 20
2, 22
2, 26
2, 27
2, 31
2, 49
2, 50
2, 63
2, 66
2, 68
2, 72
2, 81
2, 83
2, 87
2, 89
2, 100
2, 108
2, 111
2, 114
2, 130
2, 142
2, 145
2, 145а
2, 150
2, 155
2, 160
2, 165
2, 181
2, 200
2, 201
2, 210
2, 229
2, 300
2, 301
2, 401 (Санкт-Петербург - Сосновый Бор)
2Кр, 3Кр
2Кр, 22
2Кр, 105
2Кр, 109а
2Кр, 109
2Кр, 129
2Кр, 129а
2Кр, 144
2Кр, 145
2Кр, 145а
2Кр, 146
2Кр, 147
2Кр, 149
2Кр, 149а
2Кр, 165
2Кр, 175
2Кр, 186
2Кр, 188
2Кр, 196
2Кр, 213
2Кр, 215
2Кр, 301
2Кр, 315
2Кр, 318
2Кр, 319
2Кр, 321
2Кр, 322
2Кр, 331
2Кр, 335а
2Кр, 337
2Кр, 364
2Кр, 370
2Кр, 371
2Кр, 374
2Кр, 375
2Кр, 376
2Кр, 377
2Кр, 381
2Кр, 383
2Кр, 385
2Кр, 386
2Кр, 401 (Санкт-Петербург - Сосновый Бор)
2Кр, 402 (Санкт-Петербург - Сосновый Бор)
2Кр, 404
2Кр, 406 (Кронштадт - Красногорские покосы)
2Кр, 408
2Кр, 410
2Кр, 415
2Кр, 415а
2Кр, 420
2Кр, 420б
2а, 13а
2а, 13
2а, 17
2а, 18а
2а, 20
2а, 26
2а, 31
2а, 63
2а, 66
2а, 68
2а, 72
2а, 81
2а, 83
2а, 87
2а, 89
2а, 108
2а, 111
2а, 114
2а, 130
2а, 142
2а, 145
2а, 145а
2а, 150
2а, 155
2а, 160
2а, 165
2а, 200
2а, 201
2а, 210
2а, 229
2а, 300
2а, 301
2а, 401 (Санкт-Петербург - Сосновый Бор)
2а, 402 (Санкт-Петербург - Сосновый Бор)
2Л, 101
2Л, 200
2Л, 348
3, 6
3, 7
3, 8
3, 10
3, 11
3, 12
3, 13а
3, 13
3, 15
3, 16
3, 22
3, 24
3, 26
3, 27
3, 31
3, 39
3, 46
3, 50
3, 53
3, 54
3, 59
3, 64
3, 65
3, 66
3, 72
3, 74
3, 76
3, 91
3, 95
3, 96
3, 100
3, 105
3, 114
3, 130
3, 132
3, 141
3, 150
3, 155
3, 159
3, 181
3, 186
3, 187
3, 190
3, 191
3, 196
3, 197
3, 301
3, 326
3Л, 3АЛ
3Л, 4Л
3Л, 7Л
3Л, 17
3Л, 20
3Л, 26
3Л, 66
3Л, 175
3Л, 330
3Л, 338
3Л, 339
3Л, 350
3Л, 351а
3Л, 351б
3Л, 353
3Л, 354
3Л, 355
3Л, 356
3Л, 360
3Л, 364
3Л, 366
3Л, 369
3Л, 376
3Л, 379
3Л, 379а
3Л, 401 (Санкт-Петербург - Сосновый Бор)
3АЛ, 4Л
3АЛ, 7Л
3АЛ, 17
3АЛ, 20
3АЛ, 26
3АЛ, 66
3АЛ, 175
3АЛ, 330
3АЛ, 338
3АЛ, 339
3АЛ, 350
3АЛ, 351а
3АЛ, 351б
3АЛ, 353
3АЛ, 354
3АЛ, 355
3АЛ, 356
3АЛ, 360
3АЛ, 364
3АЛ, 366
3АЛ, 369
3АЛ, 376
3АЛ, 379
3АЛ, 379а
3АЛ, 401 (Санкт-Петербург - Сосновый Бор)
3АЛ, 408
3АЛ, 413 (Санкт-Петербург - Токсово)
3Кр, 22
3Кр, 105
3Кр, 109а
3Кр, 109
3Кр, 129
3Кр, 129а
3Кр, 144
3Кр, 145
3Кр, 145а
3Кр, 146
3Кр, 147
3Кр, 149
3Кр, 149а
3Кр, 165
3Кр, 175
3Кр, 186
3Кр, 188
3Кр, 196
3Кр, 213
3Кр, 215
3Кр, 301
3Кр, 315
3Кр, 318
3Кр, 319
3Кр, 321
3Кр, 322
3Кр, 331
3Кр, 335а
3Кр, 337
3Кр, 364
3Кр, 370
3Кр, 371
3Кр, 374
3Кр, 375
3Кр, 376
3Кр, 377
3Кр, 381
3Кр, 383
3Кр, 385
3Кр, 386
3Кр, 401 (Санкт-Петербург - Сосновый Бор)
3Кр, 402 (Санкт-Петербург - Сосновый Бор)
3Кр, 404
3Кр, 406 (Кронштадт - Красногорские покосы)
3Кр, 410
3Кр, 415
3Кр, 415а
3Кр, 420
3Кр, 420б
4Л, 7Л
4Л, 14
4Л, 17
4Л, 20
4Л, 26
4Л, 66
4Л, 175
4Л, 330
4Л, 338
4Л, 339
4Л, 350
4Л, 351а
4Л, 351б
4Л, 353
4Л, 354
4Л, 355
4Л, 356
4Л, 360
4Л, 364
4Л, 366
4Л, 369
4Л, 376
4Л, 379
4Л, 379а
4Л, 401 (Санкт-Петербург - Сосновый Бор)
4Л, 408
4Л, 413 (Санкт-Петербург - Токсово)
4, 5
4, 8
4, 12
4, 97
4, 118
4, 119
4, 140
4, 161
4, 164
4, 191
5, 8
5, 11
5, 12
5, 15
5, 22
5, 24
5, 27
5, 30
5, 31
5, 46
5, 48
5, 53
5, 77
5, 82
5, 92
5, 95
5, 97
5, 102
5, 105
5, 106
5, 114
5, 115а
5, 117
5, 118
5, 119
5, 123
5, 131
5, 132
5, 136
5, 140
5, 157
5, 174
5, 181
5, 183
5, 185
5, 189
5, 191
5, 327
6, 7
6, 22
6, 24
6, 27
6, 41
6, 42
6, 47
6, 49
6, 50
6, 66
6, 100
6, 128
6, 151
6, 152
6, 181
7, 8
7, 10
7, 15
7, 22
7, 24
7, 27
7, 41
7, 42
7, 46
7, 47
7, 54
7, 65
7, 100
7, 128
7, 132
7, 151
7, 152
7, 181
7, 191
7Л, 17
7Л, 20
7Л, 26
7Л, 66
7Л, 175
7Л, 330
7Л, 338
7Л, 339
7Л, 350
7Л, 351а
7Л, 351б
7Л, 353
7Л, 354
7Л, 355
7Л, 356
7Л, 360
7Л, 364
7Л, 366
7Л, 369
7Л, 376
7Л, 379
7Л, 379а
7Л, 401 (Санкт-Петербург - Сосновый Бор)
8, 10
8, 11
8, 12
8, 15
8, 22
8, 24
8, 27
8, 31
8, 46
8, 48
8, 53
8, 54
8, 65
8, 95
8, 97
8, 114
8, 115а
8, 117
8, 118
8, 119
8, 132
8, 140
8, 157
8, 161
8, 164
8, 181
8, 189
8, 191
8, 327
9, 40
9, 79
9, 80
9, 85
9, 93
9, 98
9, 102
9, 122
9, 123
9, 125
9, 126
9, 127
9, 134а
9, 134б
9, 135
9, 153
9, 154а
9, 170
9, 171
9, 172
9, 176
9, 180
9, 182
9, 184
9, 194
10, 14
10, 15
10, 22
10, 24
10, 25
10, 27
10, 43
10, 46
10, 49
10, 50
10, 54
10, 65
10, 67
10, 67б
10, 100
10, 128
10, 132
10, 181
10, 185
10, 191
10, 235 (Санкт-Петербург - Хельсинки)
11, 12
11, 13а
11, 13
11, 16
11, 26
11, 31
11, 34
11, 39
11, 48
11, 50
11, 53
11, 57
11, 59
11, 64
11, 72
11, 76
11, 91
11, 95
11, 96
11, 97
11, 114
11, 115а
11, 117
11, 118
11, 119
11, 130
11, 140
11, 141
11, 150
11, 155
11, 157
11, 159
11, 179
11, 186
11, 187
11, 189
11, 190
11, 192
11, 196
11, 197
11, 301
11, 326
11, 327
12, 13а
12, 13
12, 16
12, 26
12, 31
12, 36
12, 39
12, 50
12, 53
12, 57
12, 59
12, 64
12, 76
12, 91
12, 95
12, 96
12, 97
12, 114
12, 117
12, 118
12, 119
12, 130
12, 140
12, 141
12, 150
12, 155
12, 159
12, 161
12, 164
12, 169
12, 187
12, 191
12, 197
12, 301
12, 326
13а, 13
13а, 16
13а, 18а
13а, 26
13а, 31
13а, 39
13а, 50
13а, 59
13а, 63
13а, 64
13а, 72
13а, 83
13а, 87
13а, 95
13а, 114
13а, 130
13а, 141
13а, 142
13а, 150
13а, 155
13а, 159
13а, 187
13а, 300
13а, 301
13, 16
13, 18а
13, 26
13, 31
13, 39
13, 50
13, 59
13, 63
13, 64
13, 83
13, 87
13, 95
13, 114
13, 130
13, 141
13, 142
13, 150
13, 155
13, 159
13, 187
13, 300
13, 301
14, 25
14, 49
14, 86
14, 185
14, 307
14, 309
14, 311
14, 312
14, 314
14, 315
15, 22
15, 23
15, 24
15, 26
15, 27
15, 28
15, 30
15, 37
15, 46
15, 54
15, 64
15, 65
15, 74
15, 76
15, 77
15, 91
15, 92
15, 102
15, 105
15, 124
15, 132
15, 136
15, 141
15, 153
15, 164
15, 169
15, 174
15, 181
15, 183
15, 191
15, 368
16, 26
16, 31
16, 34
16, 36
16, 39
16, 50
16, 59
16, 63
16, 64
16, 72
16, 95
16, 114
16, 130
16, 141
16, 150
16, 155
16, 159
16, 179
16, 186
16, 187
16, 190
16, 192
16, 196
16, 197
16, 301
16, 388
17, 20
17, 26
17, 66
17, 72
17, 83
17, 108
17, 111
17, 145
17, 145а
17, 175
17, 200
17, 201
17, 210
17, 229
17, 300
17, 401 (Санкт-Петербург - Сосновый Бор)
18а, 26
18а, 31
18а, 63
18а, 68
18а, 81
18а, 83
18а, 87
18а, 88
18а, 89
18а, 111
18а, 114
18а, 130
18а, 142
18а, 150
18а, 155
18а, 160
18а, 165
18а, 229
18а, 300
18а, 301
20, 26
20, 66
20, 72
20, 81
20, 83
20, 87
20, 108
20, 111
20, 129
20, 142
20, 145
20, 145а
20, 147
20, 160
20, 165
20, 167
20, 175
20, 186
20, 188
20, 200
20, 201
20, 205 (Санкт-Петербург - Лехтуси)
20, 205а
20, 210
20, 229
20, 273
20, 300
20, 301
20, 372
20, 376
20, 380
20, 381
20, 401 (Санкт-Петербург - Сосновый Бор)
22, 24
22, 26
22, 27
22, 37
22, 43
22, 46
22, 49
22, 50
22, 54
22, 64
22, 65
22, 66
22, 67
22, 67а
22, 67б
22, 74
22, 76
22, 82
22, 91
22, 92
22, 100
22, 102
22, 105
22, 106
22, 123
22, 131
22, 132
22, 136
22, 141
22, 164
22, 174
22, 181
22, 183
22, 185
22, 191
23, 24
23, 27
23, 28
23, 30
23, 37
23, 77
23, 92
23, 102
23, 124
23, 164
23, 169
23, 174
23, 307
23, 309
23, 368
24, 26
24, 27
24, 30
24, 37
24, 41
24, 42
24, 46
24, 47
24, 54
24, 65
24, 76
24, 77
24, 82
24, 91
24, 92
24, 100
24, 102
24, 123
24, 124
24, 128
24, 131
24, 132
24, 141
24, 151
24, 152
24, 153
24, 164
24, 169
24, 174
24, 181
24, 183
24, 185
24, 191
24, 368
25, 33
25, 46
25, 49
25, 94
25, 98
25, 122
25, 128
25, 137
25, 185
25, 191
26, 27
26, 31
26, 39
26, 50
26, 54
26, 59
26, 63
26, 64
26, 65
26, 66
26, 72
26, 74
26, 76
26, 83
26, 87
26, 91
26, 95
26, 105
26, 108
26, 111
26, 114
26, 130
26, 141
26, 142
26, 145
26, 145а
26, 150
26, 155
26, 159
26, 175
26, 187
26, 200
26, 201
26, 210
26, 229
26, 300
26, 301
26, 401 (Санкт-Петербург - Сосновый Бор)
27, 28
27, 30
27, 37
27, 46
27, 50
27, 54
27, 65
27, 76
27, 77
27, 82
27, 91
27, 92
27, 100
27, 102
27, 123
27, 124
27, 131
27, 132
27, 141
27, 164
27, 169
27, 174
27, 181
27, 183
27, 185
27, 191
27, 368
28, 37
28, 77
28, 92
28, 102
28, 105
28, 106
28, 107
28, 124
28, 132
28, 133
28, 136
28, 137
28, 153
28, 164
28, 169
28, 174
28, 183
30, 37
30, 46
30, 77
30, 82
30, 92
30, 102
30, 123
30, 124
30, 131
30, 132
30, 164
30, 169
30, 174
30, 183
30, 185
30, 191
30, 368
31, 39
31, 48
31, 50
31, 53
31, 54
31, 57
31, 59
31, 63
31, 64
31, 74
31, 76
31, 83
31, 87
31, 91
31, 95
31, 96
31, 97
31, 114
31, 115а
31, 117
31, 118
31, 119
31, 130
31, 140
31, 141
31, 142
31, 150
31, 155
31, 157
31, 159
31, 187
31, 189
31, 197
31, 300
31, 301
31, 326
31, 327
33, 37
33, 46
33, 60
33, 61
33, 79
33, 80
33, 82
33, 94
33, 98
33, 102
33, 105
33, 106
33, 107
33, 122
33, 123
33, 132
33, 133
33, 136
33, 137
33, 153
33, 178
33, 181
33, 183
33, 185
33, 193
33, 211
34, 39
34, 50
34, 59
34, 63
34, 64
34, 72
34, 114
34, 141
34, 179
34, 186
34, 190
34, 192
34, 196
34, 197
34, 325
34, 326
34, 330
34, 374
34, 375
34, 383
34, 385
34, 388
36, 39
36, 50
36, 59
36, 63
36, 64
36, 72
36, 95
36, 117
36, 141
36, 159
37, 61
37, 77
37, 80
37, 92
37, 102
37, 105
37, 106
37, 107
37, 123
37, 124
37, 131
37, 132
37, 133
37, 136
37, 137
37, 153
37, 164
37, 169
37, 174
37, 178
37, 181
37, 183
37, 193
37, 368
38, 40
38, 45
38, 85
38, 122
38, 127
38, 134а
38, 134б
38, 135
38, 170
38, 171
38, 172
38, 182
39, 50
39, 59
39, 63
39, 64
39, 66
39, 72
39, 95
39, 114
39, 130
39, 141
39, 150
39, 155
39, 159
39, 179
39, 186
39, 187
39, 190
39, 192
39, 197
39, 301
40, 45
40, 60
40, 61
40, 80
40, 85
40, 86
40, 93
40, 94
40, 98
40, 102
40, 109а
40, 109
40, 121
40, 122
40, 123
40, 127
40, 134а
40, 134б
40, 139
40, 143
40, 148
40, 153
40, 176
40, 177
40, 178
40, 182
40, 183
40, 184
40, 193
40, 194
40, 198
40, 205 (Санкт-Петербург - Лехтуси)
40, 205а
40, 402 (Санкт-Петербург - Сосновый Бор)
41, 42
41, 47
41, 100
41, 128
41, 151
41, 152
42, 47
42, 100
42, 128
42, 151
42, 152
43, 49
43, 50
43, 65
43, 66
43, 67
43, 67а
43, 67б
43, 100
43, 235 (Санкт-Петербург - Хельсинки)
45, 85
45, 134а
45, 134б
45, 182
46, 49
46, 54
46, 65
46, 74
46, 77
46, 82
46, 92
46, 94
46, 98
46, 105
46, 122
46, 123
46, 128
46, 131
46, 132
46, 136
46, 137
46, 174
46, 181
46, 183
46, 185
46, 191
46, 330
46, 364
46, 368
46, 386
47, 100
47, 128
47, 151
47, 152
48, 53
48, 95
48, 97
48, 114
48, 115а
48, 117
48, 118
48, 157
48, 189
48, 327
49, 50
49, 65
49, 66
49, 67
49, 67а
49, 67б
49, 86
49, 128
49, 181
49, 186
49, 188
49, 191
49, 235 (Санкт-Петербург - Хельсинки)
49, 273
49, 338
49, 339
49, 370
49, 372
49, 373
49, 376
49, 379
49, 379а
49, 380
49, 381
49, 382
49, 383
50, 53
50, 54
50, 57
50, 59
50, 63
50, 64
50, 72
50, 74
50, 95
50, 96
50, 100
50, 114
50, 130
50, 141
50, 150
50, 155
50, 157
50, 159
50, 179
50, 181
50, 186
50, 187
50, 188
50, 190
50, 192
50, 196
50, 197
50, 235 (Санкт-Петербург - Хельсинки)
50, 273
50, 301
50, 326
50, 338
50, 339
50, 370
50, 372
50, 373
50, 376
50, 379
50, 379а
50, 380
50, 381
50, 382
50, 383
53, 54
53, 59
53, 72
53, 74
53, 91
53, 95
53, 96
53, 97
53, 114
53, 115а
53, 117
53, 118
53, 141
53, 157
53, 159
53, 186
53, 189
53, 190
53, 196
53, 197
53, 326
53, 327
54, 57
54, 59
54, 64
54, 65
54, 74
54, 76
54, 91
54, 96
54, 105
54, 117
54, 132
54, 136
54, 141
54, 157
54, 159
54, 181
54, 191
54, 326
54, 330
54, 364
54, 368
54, 386
56, 99
56, 148
56, 207 (Нелидово - Санкт-Петербург)
56, 273
56, 328
56, 406 (Кронштадт - Красногорские покосы)
56, 420а
57, 59
57, 74
57, 76
57, 91
57, 96
57, 114
57, 117
57, 140
57, 141
57, 157
57, 159
59, 63
59, 64
59, 72
59, 74
59, 76
59, 91
59, 95
59, 96
59, 114
59, 117
59, 130
59, 140
59, 141
59, 150
59, 155
59, 157
59, 159
59, 179
59, 186
59, 187
59, 190
59, 192
59, 196
59, 197
59, 301
59, 374
59, 375
59, 383
59, 388
60, 61
60, 75
60, 80
60, 93
60, 99
60, 102
60, 105
60, 121
60, 123
60, 131
60, 137
60, 139
60, 143
60, 148
60, 153
60, 167
60, 173
60, 176
60, 177
60, 178
60, 180
60, 181
60, 183
60, 185
60, 193
60, 198
60, 205 (Санкт-Петербург - Лехтуси)
60, 205а
60, 397
60, 413 (Санкт-Петербург - Токсово)
61, 75
61, 80
61, 93
61, 94
61, 98
61, 99
61, 102
61, 105
61, 106
61, 121
61, 123
61, 132
61, 133
61, 136
61, 137
61, 139
61, 143
61, 148
61, 153
61, 167
61, 173
61, 176
61, 177
61, 178
61, 180
61, 181
61, 183
61, 193
61, 198
61, 205 (Санкт-Петербург - Лехтуси)
61, 205а
61, 397
61, 413 (Санкт-Петербург - Токсово)
63, 64
63, 72
63, 83
63, 87
63, 114
63, 130
63, 141
63, 142
63, 150
63, 155
63, 179
63, 186
63, 190
63, 192
63, 196
63, 197
63, 300
63, 301
63, 385
63, 388
64, 65
64, 66
64, 72
64, 74
64, 76
64, 91
64, 95
64, 105
64, 114
64, 130
64, 141
64, 150
64, 155
64, 159
64, 179
64, 186
64, 187
64, 190
64, 192
64, 196
64, 197
64, 301
64, 374
64, 375
64, 383
64, 385
64, 388
65, 66
65, 67
65, 67а
65, 67б
65, 74
65, 76
65, 91
65, 100
65, 105
65, 132
65, 141
65, 181
65, 191
65, 235 (Санкт-Петербург - Хельсинки)
66, 67
66, 67а
66, 67б
66, 72
66, 83
66, 108
66, 111
66, 145
66, 145а
66, 175
66, 200
66, 201
66, 210
66, 229
66, 235 (Санкт-Петербург - Хельсинки)
66, 300
66, 401 (Санкт-Петербург - Сосновый Бор)
67, 67а
67, 67б
67, 100
67, 235 (Санкт-Петербург - Хельсинки)
67а, 67б
67б, 100
67б, 235 (Санкт-Петербург - Хельсинки)
68, 81
68, 87
68, 88
68, 89
68, 111
68, 114
68, 130
68, 142
68, 145
68, 145а
68, 160
68, 165
68, 200
68, 201
68, 210
68, 229
68, 401 (Санкт-Петербург - Сосновый Бор)
72, 83
72, 96
72, 108
72, 111
72, 141
72, 145
72, 145а
72, 179
72, 186
72, 190
72, 192
72, 196
72, 197
72, 200
72, 201
72, 210
72, 229
72, 300
72, 326
72, 385
72, 388
72, 401 (Санкт-Петербург - Сосновый Бор)
74, 76
74, 91
74, 96
74, 105
74, 117
74, 141
74, 157
74, 159
74, 181
74, 326
74, 330
74, 364
74, 368
74, 386
75, 80
75, 85
75, 86
75, 93
75, 99
75, 109а
75, 109
75, 121
75, 123
75, 139
75, 143
75, 148
75, 167
75, 173
75, 176
75, 177
75, 180
75, 183
75, 193
75, 198
75, 205 (Санкт-Петербург - Лехтуси)
75, 205а
75, 314
75, 315
75, 397
75, 410
75, 413 (Санкт-Петербург - Токсово)
75, 415
75, 415а
76, 91
76, 105
76, 114
76, 117
76, 140
76, 141
76, 157
77, 82
77, 92
77, 102
77, 123
77, 124
77, 131
77, 132
77, 164
77, 169
77, 174
77, 183
77, 185
77, 191
77, 368
79, 85
79, 93
79, 122
79, 125
79, 126
79, 127
79, 134а
79, 134б
79, 135
79, 137
79, 154а
79, 170
79, 171
79, 172
79, 180
79, 182
79, 184
79, 194
79, 211
80, 82
80, 85
80, 86
80, 93
80, 94
80, 98
80, 99
80, 102
80, 105
80, 106
80, 109а
80, 109
80, 121
80, 123
80, 132
80, 133
80, 136
80, 137
80, 139
80, 143
80, 148
80, 153
80, 167
80, 173
80, 176
80, 177
80, 178
80, 180
80, 181
80, 183
80, 193
80, 198
80, 205 (Санкт-Петербург - Лехтуси)
80, 205а
80, 397
80, 402 (Санкт-Петербург - Сосновый Бор)
80, 413 (Санкт-Петербург - Токсово)
81, 83
81, 87
81, 88
81, 89
81, 108
81, 111
81, 114
81, 129
81, 130
81, 142
81, 145
81, 145а
81, 147
81, 160
81, 165
81, 186
81, 188
81, 201
81, 229
81, 273
81, 301
81, 372
81, 376
81, 380
81, 381
82, 92
82, 102
82, 106
82, 123
82, 131
82, 132
82, 136
82, 137
82, 174
82, 178
82, 181
82, 183
82, 185
82, 191
83, 87
83, 108
83, 111
83, 114
83, 130
83, 142
83, 145
83, 145а
83, 150
83, 155
83, 160
83, 165
83, 200
83, 201
83, 210
83, 229
83, 300
83, 301
83, 401 (Санкт-Петербург - Сосновый Бор)
83, 402 (Санкт-Петербург - Сосновый Бор)
85, 86
85, 93
85, 98
85, 101а
85, 101
85, 102
85, 109а
85, 109
85, 121
85, 122
85, 123
85, 125
85, 126
85, 127
85, 134а
85, 134б
85, 135
85, 139
85, 148
85, 153
85, 154а
85, 167
85, 170
85, 171
85, 172
85, 173
85, 178
85, 180
85, 182
85, 184
85, 194
85, 198
85, 205 (Санкт-Петербург - Лехтуси)
85, 314
85, 315
85, 397
85, 402 (Санкт-Петербург - Сосновый Бор)
85, 410
85, 415
85, 415а
86, 93
86, 98
86, 99
86, 102
86, 109а
86, 109
86, 121
86, 123
86, 139
86, 143
86, 148
86, 153
86, 167
86, 173
86, 178
86, 180
86, 198
86, 205 (Санкт-Петербург - Лехтуси)
86, 397
86, 402 (Санкт-Петербург - Сосновый Бор)
87, 89
87, 108
87, 111
87, 114
87, 130
87, 142
87, 145
87, 145а
87, 150
87, 155
87, 160
87, 165
87, 201
87, 229
87, 300
87, 301
88, 89
88, 130
88, 142
88, 145
88, 145а
88, 160
88, 165
88, 229
89, 111
89, 114
89, 130
89, 142
89, 160
89, 165
89, 229
91, 95
91, 96
91, 105
91, 111
91, 114
91, 117
91, 128
91, 140
91, 141
91, 157
91, 193
91, 197
91, 326
91, 371
92, 102
92, 105
92, 106
92, 123
92, 124
92, 131
92, 132
92, 153
92, 164
92, 169
92, 174
92, 181
92, 183
92, 185
92, 191
92, 368
93, 94
93, 98
93, 99
93, 101а
93, 101
93, 102
93, 109а
93, 109
93, 121
93, 122
93, 123
93, 125
93, 126
93, 127
93, 132
93, 133
93, 134а
93, 134б
93, 135
93, 136
93, 139
93, 143
93, 148
93, 153
93, 167
93, 170
93, 171
93, 172
93, 173
93, 176
93, 177
93, 178
93, 180
93, 182
93, 183
93, 184
93, 186
93, 193
93, 194
93, 198
93, 205 (Санкт-Петербург - Лехтуси)
93, 205а
93, 211
93, 216
93, 375
93, 376
93, 377
93, 381
93, 385
93, 397
93, 413 (Санкт-Петербург - Токсово)
94, 98
94, 102
94, 121
94, 122
94, 123
94, 132
94, 133
94, 136
94, 137
94, 139
94, 143
94, 153
94, 176
94, 177
94, 178
94, 183
94, 193
94, 205 (Санкт-Петербург - Лехтуси)
94, 205а
95, 97
95, 114
95, 115а
95, 117
95, 118
95, 119
95, 130
95, 141
95, 150
95, 155
95, 157
95, 159
95, 187
95, 189
95, 301
95, 327
96, 117
96, 141
96, 157
96, 159
96, 186
96, 190
96, 196
96, 197
96, 326
97, 114
97, 115а
97, 117
97, 118
97, 119
97, 140
97, 157
97, 161
97, 164
97, 169
97, 189
97, 191
97, 327
98, 102
98, 109а
98, 109
98, 122
98, 123
98, 137
98, 139
98, 148
98, 153
98, 176
98, 183
98, 193
98, 198
98, 205 (Санкт-Петербург - Лехтуси)
98, 205а
98, 402 (Санкт-Петербург - Сосновый Бор)
99, 121
99, 123
99, 139
99, 143
99, 148
99, 167
99, 173
99, 176
99, 177
99, 180
99, 183
99, 193
99, 198
99, 205 (Санкт-Петербург - Лехтуси)
99, 205а
99, 207 (Нелидово - Санкт-Петербург)
99, 273
99, 328
99, 397
99, 406 (Кронштадт - Красногорские покосы)
99, 413 (Санкт-Петербург - Токсово)
99, 420а
100, 128
100, 151
100, 152
100, 235 (Санкт-Петербург - Хельсинки)
101а, 101
101а, 125
101а, 126
101а, 134а
101а, 134б
101а, 170
101а, 171
101а, 172
101а, 180
101а, 182
101а, 184
101а, 211
101а, 213
101а, 215
101а, 216
101а, 311
101а, 312
101а, 314
101а, 315
101а, 318
101а, 319
101а, 322
101а, 401 (Санкт-Петербург - Сосновый Бор)
101а, 402 (Санкт-Петербург - Сосновый Бор)
101а, 420
101а, 420б
101, 125
101, 126
101, 134а
101, 134б
101, 170
101, 171
101, 172
101, 180
101, 182
101, 184
101, 186
101, 211
101, 213
101, 215
101, 216
101, 311
101, 312
101, 314
101, 315
101, 318
101, 319
101, 322
101, 375
101, 376
101, 377
101, 381
101, 385
101, 401 (Санкт-Петербург - Сосновый Бор)
101, 402 (Санкт-Петербург - Сосновый Бор)
101, 420
101, 420б
102, 105
102, 106
102, 107
102, 109а
102, 109
102, 121
102, 123
102, 124
102, 131
102, 132
102, 133
102, 136
102, 137
102, 139
102, 153
102, 164
102, 169
102, 174
102, 176
102, 177
102, 178
102, 181
102, 183
102, 185
102, 193
102, 198
102, 205 (Санкт-Петербург - Лехтуси)
102, 205а
102, 368
104, 148
104, 205 (Санкт-Петербург - Лехтуси)
104, 278
104, 328
104, 367
104, 413 (Санкт-Петербург - Токсово)
105, 106
105, 107
105, 123
105, 131
105, 132
105, 133
105, 136
105, 137
105, 141
105, 153
105, 164
105, 174
105, 178
105, 181
105, 183
105, 185
105, 193
106, 107
106, 123
106, 131
106, 132
106, 133
106, 136
106, 137
106, 153
106, 164
106, 174
106, 178
106, 181
106, 183
106, 185
106, 193
107, 123
107, 132
107, 133
107, 136
107, 137
107, 178
107, 183
108, 111
108, 129
108, 129а
108, 142
108, 145
108, 145а
108, 147
108, 155
108, 160
108, 165
108, 200
108, 201
108, 210
108, 229
108, 300
108, 377
108, 401 (Санкт-Петербург - Сосновый Бор)
109а, 109
109а, 121
109а, 123
109а, 139
109а, 148
109а, 153
109а, 167
109а, 173
109а, 178
109а, 180
109а, 186
109а, 188
109а, 198
109а, 205 (Санкт-Петербург - Лехтуси)
109а, 314
109а, 315
109а, 331
109а, 335а
109а, 370
109а, 371
109а, 375
109а, 376
109а, 377
109а, 381
109а, 383
109а, 385
109а, 397
109а, 401 (Санкт-Петербург - Сосновый Бор)
109а, 402 (Санкт-Петербург - Сосновый Бор)
109а, 408
109а, 410
109а, 415
109а, 415а
109, 121
109, 123
109, 139
109, 148
109, 153
109, 167
109, 173
109, 178
109, 180
109, 186
109, 188
109, 198
109, 205 (Санкт-Петербург - Лехтуси)
109, 314
109, 315
109, 331
109, 335а
109, 370
109, 371
109, 375
109, 376
109, 377
109, 381
109, 383
109, 385
109, 397
109, 401 (Санкт-Петербург - Сосновый Бор)
109, 402 (Санкт-Петербург - Сосновый Бор)
109, 408
109, 410
109, 415
109, 415а
111, 114
111, 128
111, 130
111, 142
111, 145
111, 145а
111, 160
111, 165
111, 193
111, 200
111, 201
111, 210
111, 229
111, 300
111, 401 (Санкт-Петербург - Сосновый Бор)
112, 213
112, 318
112, 319
112, 321
112, 322
112, 397
112, 404
112, 410
112, 415
112, 415а
112, 420
112, 420б
114, 115а
114, 117
114, 118
114, 119
114, 130
114, 140
114, 141
114, 142
114, 145а
114, 150
114, 155
114, 157
114, 159
114, 160
114, 165
114, 179
114, 186
114, 187
114, 189
114, 190
114, 192
114, 197
114, 229
114, 300
114, 301
114, 327
115а, 117
115а, 118
115а, 157
115а, 189
115а, 309
115а, 327
115а, 328
115а, 332
115а, 336
115а, 337а
117, 118
117, 141
117, 157
117, 159
117, 189
117, 197
117, 326
117, 327
117, 371
118, 119
118, 140
118, 157
118, 161
118, 164
118, 169
118, 189
118, 191
118, 327
119, 140
119, 157
121, 123
121, 132
121, 133
121, 136
121, 139
121, 143
121, 148
121, 153
121, 167
121, 173
121, 176
121, 177
121, 178
121, 180
121, 183
121, 193
121, 198
121, 205 (Санкт-Петербург - Лехтуси)
121, 205а
121, 397
121, 413 (Санкт-Петербург - Токсово)
122, 127
122, 134а
122, 134б
122, 135
122, 137
122, 170
122, 171
122, 172
122, 180
122, 182
122, 184
122, 194
123, 131
123, 132
123, 133
123, 136
123, 137
123, 139
123, 143
123, 148
123, 153
123, 167
123, 173
123, 174
123, 176
123, 177
123, 178
123, 180
123, 181
123, 183
123, 185
123, 191
123, 193
123, 198
123, 205 (Санкт-Петербург - Лехтуси)
123, 205а
123, 397
123, 402 (Санкт-Петербург - Сосновый Бор)
123, 413 (Санкт-Петербург - Токсово)
124, 164
124, 169
124, 174
124, 193
124, 368
125, 126
125, 134а
125, 134б
125, 154а
125, 170
125, 171
125, 172
125, 180
125, 182
125, 184
125, 216
126, 127
126, 134а
126, 134б
126, 135
126, 154а
126, 170
126, 171
126, 172
126, 180
126, 182
126, 184
126, 194
126, 216
127, 134а
127, 134б
127, 135
127, 170
127, 171
127, 172
127, 180
127, 182
127, 184
127, 194
128, 151
128, 152
128, 185
128, 191
128, 193
129, 129а
129, 144
129, 145
129, 145а
129, 146
129, 147
129, 149
129, 149а
129, 155
129, 165
129, 186
129, 188
129, 196
129, 213
129, 273
129, 301
129, 318
129, 319
129, 321
129, 322
129, 337
129, 364
129, 372
129, 374
129, 376
129, 377
129, 380
129, 381
129, 386
129, 404
129, 410
129, 415
129, 415а
129, 420
129, 420б
129а, 144
129а, 145
129а, 145а
129а, 146
129а, 147
129а, 149
129а, 149а
129а, 155
129а, 165
129а, 196
129а, 213
129а, 301
129а, 318
129а, 319
129а, 321
129а, 322
129а, 337
129а, 364
129а, 374
129а, 377
129а, 386
129а, 404
129а, 410
129а, 415
129а, 415а
129а, 420
129а, 420б
130, 141
130, 142
130, 145
130, 145а
130, 150
130, 155
130, 159
130, 160
130, 165
130, 187
130, 229
130, 300
130, 301
131, 132
131, 136
131, 137
131, 164
131, 174
131, 181
131, 183
131, 185
131, 191
132, 133
132, 136
132, 137
132, 139
132, 153
132, 174
132, 176
132, 177
132, 178
132, 181
132, 183
132, 185
132, 191
132, 193
132, 205 (Санкт-Петербург - Лехтуси)
132, 205а
133, 136
133, 137
133, 139
133, 153
133, 176
133, 177
133, 178
133, 181
133, 183
133, 193
133, 205 (Санкт-Петербург - Лехтуси)
133, 205а
134а, 134б
134а, 135
134а, 170
134а, 171
134а, 172
134а, 180
134а, 182
134а, 184
134а, 186
134а, 194
134а, 211
134а, 216
134а, 235 (Санкт-Петербург - Хельсинки)
134а, 375
134а, 376
134а, 377
134а, 381
134а, 385
134б, 135
134б, 170
134б, 171
134б, 172
134б, 180
134б, 182
134б, 184
134б, 194
134б, 211
134б, 216
134б, 235 (Санкт-Петербург - Хельсинки)
135, 170
135, 171
135, 172
135, 180
135, 182
135, 184
135, 194
136, 137
136, 139
136, 153
136, 174
136, 176
136, 177
136, 178
136, 181
136, 183
136, 185
136, 193
136, 205 (Санкт-Петербург - Лехтуси)
136, 205а
137, 153
137, 178
137, 181
137, 183
137, 185
137, 193
137, 211
139, 143
139, 148
139, 153
139, 167
139, 173
139, 176
139, 177
139, 178
139, 180
139, 183
139, 193
139, 198
139, 205 (Санкт-Петербург - Лехтуси)
139, 205а
139, 397
139, 402 (Санкт-Петербург - Сосновый Бор)
139, 413 (Санкт-Петербург - Токсово)
140, 141
140, 161
140, 164
140, 169
140, 191
141, 150
141, 155
141, 159
141, 179
141, 186
141, 187
141, 190
141, 192
141, 196
141, 197
141, 301
141, 326
141, 388
142, 145
142, 145а
142, 150
142, 155
142, 160
142, 165
142, 201
142, 229
142, 300
142, 301
142, 401 (Санкт-Петербург - Сосновый Бор)
142, 402 (Санкт-Петербург - Сосновый Бор)
143, 148
143, 167
143, 173
143, 176
143, 177
143, 178
143, 180
143, 183
143, 193
143, 198
143, 205 (Санкт-Петербург - Лехтуси)
143, 205а
143, 397
143, 413 (Санкт-Петербург - Токсово)
144, 145
144, 145а
144, 146
144, 147
144, 149
144, 149а
144, 165
144, 196
144, 213
144, 301
144, 318
144, 319
144, 321
144, 322
144, 337
144, 354
144, 364
144, 374
144, 386
144, 397
144, 404
144, 410
144, 415
144, 415а
144, 420
144, 420б
145, 145а
145, 146
145, 147
145, 149
145, 149а
145, 160
145, 165
145, 186
145, 188
145, 196
145, 200
145, 201
145, 210
145, 213
145, 229
145, 273
145, 300
145, 301
145, 318
145, 319
145, 321
145, 322
145, 337
145, 364
145, 372
145, 374
145, 376
145, 380
145, 381
145, 386
145, 401 (Санкт-Петербург - Сосновый Бор)
145, 404
145, 410
145, 415
145, 415а
145, 420
145, 420б
145а, 146
145а, 147
145а, 149
145а, 149а
145а, 160
145а, 165
145а, 186
145а, 188
145а, 196
145а, 200
145а, 201
145а, 210
145а, 213
145а, 229
145а, 273
145а, 300
145а, 301
145а, 318
145а, 319
145а, 321
145а, 322
145а, 337
145а, 364
145а, 372
145а, 374
145а, 376
145а, 380
145а, 381
145а, 386
145а, 401 (Санкт-Петербург - Сосновый Бор)
145а, 404
145а, 410
145а, 415
145а, 415а
145а, 420
145а, 420б
146, 147
146, 149
146, 149а
146, 165
146, 196
146, 213
146, 301
146, 318
146, 319
146, 321
146, 322
146, 337
146, 354
146, 364
146, 374
146, 386
146, 397
146, 404
146, 410
146, 415
146, 415а
146, 420
146, 420б
147, 149
147, 149а
147, 155
147, 165
147, 186
147, 188
147, 196
147, 213
147, 273
147, 301
147, 318
147, 319
147, 321
147, 322
147, 337
147, 354
147, 364
147, 372
147, 374
147, 376
147, 377
147, 380
147, 381
147, 386
147, 397
147, 404
147, 410
147, 415
147, 415а
147, 420
147, 420б
148, 167
148, 173
148, 176
148, 177
148, 180
148, 183
148, 193
148, 198
148, 205 (Санкт-Петербург - Лехтуси)
148, 205а
148, 207 (Нелидово - Санкт-Петербург)
148, 273
148, 314
148, 315
148, 328
148, 397
148, 402 (Санкт-Петербург - Сосновый Бор)
148, 406 (Кронштадт - Красногорские покосы)
148, 410
148, 413 (Санкт-Петербург - Токсово)
148, 415
148, 415а
148, 420а
149, 149а
149, 165
149, 196
149, 213
149, 301
149, 318
149, 319
149, 321
149, 322
149, 337
149, 354
149, 364
149, 374
149, 386
149, 397
149, 404
149, 410
149, 415
149, 415а
149, 420
149, 420б
149а, 165
149а, 196
149а, 213
149а, 301
149а, 318
149а, 319
149а, 321
149а, 322
149а, 337
149а, 354
149а, 364
149а, 374
149а, 386
149а, 397
149а, 404
149а, 410
149а, 415
149а, 415а
149а, 420
149а, 420б
150, 155
150, 159
150, 187
150, 188
150, 300
150, 301
151, 152
153, 164
153, 169
153, 174
153, 176
153, 177
153, 178
153, 181
153, 183
153, 193
153, 198
153, 205 (Санкт-Петербург - Лехтуси)
153, 205а
154а, 170
154а, 171
154а, 172
154а, 180
155, 159
155, 187
155, 300
155, 301
155, 377
157, 159
157, 189
157, 326
157, 327
159, 187
159, 301
159, 326
160, 165
160, 200
160, 201
160, 210
160, 229
160, 300
160, 401 (Санкт-Петербург - Сосновый Бор)
161, 164
161, 169
161, 191
164, 169
164, 174
164, 181
164, 183
164, 191
164, 368
165, 186
165, 188
165, 196
165, 201
165, 213
165, 229
165, 273
165, 301
165, 318
165, 319
165, 321
165, 322
165, 337
165, 364
165, 372
165, 374
165, 376
165, 380
165, 381
165, 386
165, 404
165, 410
165, 415
165, 415а
165, 420
165, 420б
167, 173
167, 176
167, 177
167, 180
167, 183
167, 188
167, 193
167, 198
167, 205 (Санкт-Петербург - Лехтуси)
167, 205а
167, 314
167, 315
167, 327
167, 337
167, 370
167, 372
167, 378
167, 381
167, 397
167, 410
167, 413 (Санкт-Петербург - Токсово)
167, 415
167, 415а
169, 174
169, 191
169, 368
170, 171
170, 172
170, 180
170, 182
170, 184
170, 186
170, 194
170, 211
170, 216
170, 375
170, 376
170, 377
170, 381
170, 385
171, 172
171, 180
171, 182
171, 184
171, 194
172, 180
172, 182
172, 184
172, 194
172, 216
173, 176
173, 177
173, 180
173, 183
173, 193
173, 198
173, 205 (Санкт-Петербург - Лехтуси)
173, 205а
173, 314
173, 315
173, 397
173, 410
173, 413 (Санкт-Петербург - Токсово)
173, 415
173, 415а
174, 181
174, 183
174, 185
174, 191
174, 368
175, 194
175, 215
175, 330
175, 338
175, 339
175, 350
175, 351а
175, 351б
175, 353
175, 354
175, 355
175, 356
175, 360
175, 364
175, 366
175, 369
175, 376
175, 379
175, 379а
175, 401 (Санкт-Петербург - Сосновый Бор)
175, 402 (Санкт-Петербург - Сосновый Бор)
175, 406 (Кронштадт - Красногорские покосы)
176, 177
176, 178
176, 180
176, 183
176, 193
176, 198
176, 205 (Санкт-Петербург - Лехтуси)
176, 205а
176, 397
176, 413 (Санкт-Петербург - Токсово)
177, 178
177, 180
177, 183
177, 193
177, 198
177, 205 (Санкт-Петербург - Лехтуси)
177, 205а
177, 397
177, 413 (Санкт-Петербург - Токсово)
178, 181
178, 183
178, 193
178, 198
178, 205 (Санкт-Петербург - Лехтуси)
178, 205а
179, 186
179, 190
179, 192
179, 196
179, 197
179, 325
179, 326
179, 330
179, 374
179, 375
179, 383
179, 385
179, 388
180, 182
180, 183
180, 184
180, 193
180, 194
180, 198
180, 205 (Санкт-Петербург - Лехтуси)
180, 205а
180, 216
180, 314
180, 315
180, 397
180, 410
180, 413 (Санкт-Петербург - Токсово)
180, 415
180, 415а
181, 183
181, 185
181, 186
181, 188
181, 191
181, 193
181, 273
181, 338
181, 339
181, 370
181, 372
181, 373
181, 376
181, 379
181, 379а
181, 380
181, 381
181, 382
181, 383
182, 184
182, 194
183, 185
183, 191
183, 193
183, 198
183, 205 (Санкт-Петербург - Лехтуси)
183, 205а
183, 314
183, 315
183, 335а
183, 337
183, 360
183, 397
183, 413 (Санкт-Петербург - Токсово)
184, 194
184, 216
185, 191
186, 187
186, 188
186, 190
186, 192
186, 196
186, 197
186, 211
186, 273
186, 301
186, 315
186, 326
186, 331
186, 335а
186, 338
186, 339
186, 370
186, 371
186, 372
186, 373
186, 375
186, 376
186, 377
186, 379
186, 379а
186, 380
186, 381
186, 382
186, 383
186, 385
186, 388
186, 401 (Санкт-Петербург - Сосновый Бор)
186, 402 (Санкт-Петербург - Сосновый Бор)
187, 188
187, 301
187, 370
187, 371
187, 373
187, 375
187, 376
187, 377
187, 380
187, 381
187, 382
187, 383
187, 385
187, 413 (Санкт-Петербург - Токсово)
188, 273
188, 301
188, 315
188, 327
188, 331
188, 335а
188, 337
188, 338
188, 339
188, 370
188, 371
188, 372
188, 373
188, 375
188, 376
188, 377
188, 378
188, 379
188, 379а
188, 380
188, 381
188, 382
188, 383
188, 385
188, 401 (Санкт-Петербург - Сосновый Бор)
188, 402 (Санкт-Петербург - Сосновый Бор)
189, 309
189, 327
189, 328
189, 332
189, 336
189, 337а
190, 192
190, 196
190, 197
190, 326
190, 374
190, 375
190, 382
190, 383
190, 385
190, 388
192, 196
192, 197
192, 325
192, 326
192, 330
192, 332
192, 336
192, 337а
192, 374
192, 375
192, 383
192, 385
192, 388
192, 392а
193, 198
193, 205 (Санкт-Петербург - Лехтуси)
193, 205а
193, 397
193, 413 (Санкт-Петербург - Токсово)
194, 215
194, 402 (Санкт-Петербург - Сосновый Бор)
194, 406 (Кронштадт - Красногорские покосы)
196, 197
196, 213
196, 301
196, 307
196, 309
196, 311
196, 312
196, 314
196, 315
196, 318
196, 319
196, 321
196, 322
196, 326
196, 327
196, 330
196, 332
196, 337
196, 364
196, 366
196, 368
196, 369
196, 374
196, 375
196, 383
196, 385
196, 386
196, 388
196, 390
196, 404
196, 410
196, 415
196, 415а
196, 420
196, 420б
197, 326
197, 374
197, 375
197, 383
197, 385
197, 388
198, 205 (Санкт-Петербург - Лехтуси)
198, 205а
198, 397
198, 402 (Санкт-Петербург - Сосновый Бор)
198, 413 (Санкт-Петербург - Токсово)
200, 201
200, 210
200, 229
200, 300
200, 348
200, 359
200, 401 (Санкт-Петербург - Сосновый Бор)
201, 210
201, 229
201, 300
201, 348
201, 359
201, 401 (Санкт-Петербург - Сосновый Бор)
205 (Санкт-Петербург - Лехтуси), 205а
205 (Санкт-Петербург - Лехтуси), 314
205 (Санкт-Петербург - Лехтуси), 315
205 (Санкт-Петербург - Лехтуси), 335а
205 (Санкт-Петербург - Лехтуси), 337
205 (Санкт-Петербург - Лехтуси), 360
205 (Санкт-Петербург - Лехтуси), 397
205 (Санкт-Петербург - Лехтуси), 402 (Санкт-Петербург - Сосновый Бор)
205 (Санкт-Петербург - Лехтуси), 413 (Санкт-Петербург - Токсово)
205а, 314
205а, 315
205а, 335а
205а, 337
205а, 360
205а, 397
205а, 413 (Санкт-Петербург - Токсово)
207 (Нелидово - Санкт-Петербург), 273
207 (Нелидово - Санкт-Петербург), 328
207 (Нелидово - Санкт-Петербург), 406 (Кронштадт - Красногорские покосы)
207 (Нелидово - Санкт-Петербург), 420а
210, 229
210, 300
210, 350
210, 351а
210, 351б
210, 353
210, 354
210, 355
210, 356
210, 358
210, 401 (Санкт-Петербург - Сосновый Бор)
211, 213
211, 215
211, 216
211, 311
211, 312
211, 314
211, 315
211, 318
211, 319
211, 322
211, 375
211, 376
211, 377
211, 381
211, 385
211, 401 (Санкт-Петербург - Сосновый Бор)
211, 402 (Санкт-Петербург - Сосновый Бор)
211, 420
211, 420б
213, 216
213, 301
213, 311
213, 312
213, 314
213, 315
213, 318
213, 319
213, 321
213, 322
213, 337
213, 364
213, 374
213, 386
213, 397
213, 401 (Санкт-Петербург - Сосновый Бор)
213, 402 (Санкт-Петербург - Сосновый Бор)
213, 404
213, 410
213, 415
213, 415а
213, 420
213, 420б
215, 216
215, 402 (Санкт-Петербург - Сосновый Бор)
215, 406 (Кронштадт - Красногорские покосы)
216, 311
216, 312
216, 314
216, 315
216, 318
216, 319
216, 322
216, 401 (Санкт-Петербург - Сосновый Бор)
216, 402 (Санкт-Петербург - Сосновый Бор)
216, 420
216, 420б
229, 300
229, 401 (Санкт-Петербург - Сосновый Бор)
273, 301
273, 328
273, 338
273, 339
273, 370
273, 372
273, 373
273, 376
273, 379
273, 379а
273, 380
273, 381
273, 382
273, 383
273, 406 (Кронштадт - Красногорские покосы)
273, 420а
278, 328
278, 367
300, 301
300, 401 (Санкт-Петербург - Сосновый Бор)
300, 402 (Санкт-Петербург - Сосновый Бор)
301, 318
301, 319
301, 321
301, 322
301, 337
301, 354
301, 364
301, 372
301, 374
301, 376
301, 380
301, 381
301, 386
301, 397
301, 404
301, 410
301, 415
301, 415а
301, 420
301, 420б
307, 309
307, 311
307, 312
307, 314
307, 315
307, 374
309, 311
309, 312
309, 314
309, 315
309, 327
309, 328
309, 374
311, 312
311, 314
311, 315
311, 318
311, 319
311, 322
311, 374
311, 401 (Санкт-Петербург - Сосновый Бор)
311, 402 (Санкт-Петербург - Сосновый Бор)
311, 420
311, 420б
312, 314
312, 315
312, 318
312, 319
312, 322
312, 374
312, 401 (Санкт-Петербург - Сосновый Бор)
312, 402 (Санкт-Петербург - Сосновый Бор)
312, 420
312, 420б
314, 315
314, 318
314, 319
314, 322
314, 335а
314, 337
314, 360
314, 374
314, 397
314, 401 (Санкт-Петербург - Сосновый Бор)
314, 402 (Санкт-Петербург - Сосновый Бор)
314, 410
314, 413 (Санкт-Петербург - Токсово)
314, 415
314, 415а
314, 420
314, 420б
315, 318
315, 319
315, 322
315, 331
315, 335а
315, 337
315, 360
315, 370
315, 371
315, 374
315, 375
315, 376
315, 377
315, 381
315, 383
315, 385
315, 397
315, 401 (Санкт-Петербург - Сосновый Бор)
315, 402 (Санкт-Петербург - Сосновый Бор)
315, 408
315, 410
315, 413 (Санкт-Петербург - Токсово)
315, 415
315, 415а
315, 420
315, 420б
318, 319
318, 321
318, 322
318, 337
318, 364
318, 374
318, 386
318, 397
318, 401 (Санкт-Петербург - Сосновый Бор)
318, 402 (Санкт-Петербург - Сосновый Бор)
318, 404
318, 410
318, 415
318, 415а
318, 420
318, 420б
319, 321
319, 322
319, 337
319, 364
319, 374
319, 386
319, 397
319, 401 (Санкт-Петербург - Сосновый Бор)
319, 402 (Санкт-Петербург - Сосновый Бор)
319, 404
319, 410
319, 415
319, 415а
319, 420
319, 420б
321, 322
321, 337
321, 364
321, 374
321, 386
321, 397
321, 404
321, 410
321, 415
321, 415а
321, 420
321, 420б
322, 337
322, 364
322, 374
322, 386
322, 397
322, 401 (Санкт-Петербург - Сосновый Бор)
322, 402 (Санкт-Петербург - Сосновый Бор)
322, 404
322, 410
322, 415
322, 415а
322, 420
322, 420б
325, 326
325, 330
325, 332
325, 336
325, 337а
325, 378
325, 385
325, 392а
326, 330
326, 332
326, 336
326, 337а
326, 385
326, 392а
326, 396а
326, 396
327, 328
327, 330
327, 332
327, 335а
327, 337
327, 364
327, 366
327, 368
327, 369
327, 370
327, 372
327, 374
327, 378
327, 381
327, 386
327, 390
328, 332
328, 336
328, 337а
328, 367
328, 392а
328, 406 (Кронштадт - Красногорские покосы)
328, 420а
330, 332
330, 336
330, 337
330, 337а
330, 338
330, 339
330, 350
330, 351а
330, 351б
330, 353
330, 354
330, 355
330, 356
330, 360
330, 364
330, 366
330, 368
330, 369
330, 374
330, 376
330, 379
330, 379а
330, 385
330, 386
330, 390
330, 392а
330, 396а
330, 396
331, 335а
331, 370
331, 371
331, 375
331, 376
331, 377
331, 381
331, 383
331, 385
331, 389
331, 401 (Санкт-Петербург - Сосновый Бор)
331, 402 (Санкт-Петербург - Сосновый Бор)
332, 336
332, 337
332, 337а
332, 364
332, 366
332, 368
332, 369
332, 374
332, 386
332, 390
332, 392а
335а, 337
335а, 360
335а, 370
335а, 371
335а, 375
335а, 376
335а, 377
335а, 381
335а, 383
335а, 385
335а, 389
335а, 401 (Санкт-Петербург - Сосновый Бор)
335а, 402 (Санкт-Петербург - Сосновый Бор)
335а, 413 (Санкт-Петербург - Токсово)
336, 337а
336, 392а
337, 360
337, 364
337, 366
337, 368
337, 369
337, 370
337, 372
337, 374
337, 378
337, 381
337, 386
337, 390
337, 404
337, 410
337, 413 (Санкт-Петербург - Токсово)
337, 415
337, 415а
337, 420
337, 420б
337а, 392а
337а, 396а
337а, 396
338, 339
338, 350
338, 351а
338, 351б
338, 353
338, 354
338, 355
338, 356
338, 360
338, 364
338, 366
338, 369
338, 370
338, 372
338, 373
338, 376
338, 379
338, 379а
338, 380
338, 381
338, 382
338, 383
339, 350
339, 351а
339, 351б
339, 353
339, 354
339, 355
339, 356
339, 360
339, 364
339, 366
339, 369
339, 370
339, 372
339, 373
339, 376
339, 379
339, 379а
339, 380
339, 381
339, 382
339, 383
348, 359
350, 351а
350, 351б
350, 353
350, 354
350, 355
350, 356
350, 360
350, 364
350, 366
350, 369
350, 376
350, 379
350, 379а
350, 401 (Санкт-Петербург - Сосновый Бор)
351а, 351б
351а, 353
351а, 354
351а, 355
351а, 356
351а, 360
351а, 364
351а, 366
351а, 369
351а, 376
351а, 379
351а, 379а
351а, 401 (Санкт-Петербург - Сосновый Бор)
351б, 353
351б, 354
351б, 355
351б, 356
351б, 358
351б, 360
351б, 364
351б, 366
351б, 369
351б, 376
351б, 379
351б, 379а
351б, 401 (Санкт-Петербург - Сосновый Бор)
353, 354
353, 355
353, 356
353, 360
353, 364
353, 366
353, 369
353, 376
353, 379
353, 379а
353, 401 (Санкт-Петербург - Сосновый Бор)
354, 355
354, 356
354, 358
354, 360
354, 364
354, 366
354, 369
354, 376
354, 379
354, 379а
354, 397
354, 401 (Санкт-Петербург - Сосновый Бор)
355, 356
355, 360
355, 364
355, 366
355, 369
355, 376
355, 379
355, 379а
355, 401 (Санкт-Петербург - Сосновый Бор)
356, 358
356, 360
356, 364
356, 366
356, 369
356, 376
356, 379
356, 379а
356, 401 (Санкт-Петербург - Сосновый Бор)
360, 364
360, 366
360, 369
360, 376
360, 379
360, 379а
360, 413 (Санкт-Петербург - Токсово)
364, 366
364, 368
364, 369
364, 374
364, 375
364, 376
364, 379
364, 379а
364, 386
364, 390
364, 404
364, 410
364, 415
364, 415а
364, 420
364, 420б
366, 368
366, 369
366, 374
366, 376
366, 379
366, 379а
366, 386
366, 390
367, 392а
368, 369
368, 374
368, 375
368, 386
368, 390
369, 374
369, 376
369, 379
369, 379а
369, 386
369, 390
370, 371
370, 372
370, 373
370, 375
370, 376
370, 377
370, 378
370, 379
370, 379а
370, 380
370, 381
370, 382
370, 383
370, 385
370, 401 (Санкт-Петербург - Сосновый Бор)
370, 402 (Санкт-Петербург - Сосновый Бор)
370, 413 (Санкт-Петербург - Токсово)
371, 373
371, 375
371, 376
371, 377
371, 380
371, 381
371, 382
371, 383
371, 385
371, 401 (Санкт-Петербург - Сосновый Бор)
371, 402 (Санкт-Петербург - Сосновый Бор)
371, 413 (Санкт-Петербург - Токсово)
372, 373
372, 375
372, 376
372, 378
372, 379
372, 379а
372, 380
372, 381
372, 382
372, 383
373, 375
373, 376
373, 377
373, 379
373, 379а
373, 380
373, 381
373, 382
373, 383
373, 413 (Санкт-Петербург - Токсово)
374, 375
374, 383
374, 386
374, 390
374, 404
374, 410
374, 415
374, 415а
374, 420
374, 420б
375, 376
375, 377
375, 379
375, 379а
375, 380
375, 381
375, 382
375, 383
375, 385
375, 401 (Санкт-Петербург - Сосновый Бор)
375, 402 (Санкт-Петербург - Сосновый Бор)
375, 413 (Санкт-Петербург - Токсово)
376, 377
376, 379
376, 379а
376, 380
376, 381
376, 382
376, 383
376, 385
376, 401 (Санкт-Петербург - Сосновый Бор)
376, 402 (Санкт-Петербург - Сосновый Бор)
376, 413 (Санкт-Петербург - Токсово)
377, 380
377, 381
377, 382
377, 383
377, 385
377, 401 (Санкт-Петербург - Сосновый Бор)
377, 402 (Санкт-Петербург - Сосновый Бор)
377, 413 (Санкт-Петербург - Токсово)
378, 381
378, 385
379, 379а
379, 380
379, 381
379, 382
379, 383
379а, 380
379а, 381
379а, 382
379а, 383
380, 381
380, 382
380, 383
380, 413 (Санкт-Петербург - Токсово)
381, 382
381, 383
381, 385
381, 401 (Санкт-Петербург - Сосновый Бор)
381, 402 (Санкт-Петербург - Сосновый Бор)
381, 413 (Санкт-Петербург - Токсово)
382, 383
382, 413 (Санкт-Петербург - Токсово)
383, 385
383, 401 (Санкт-Петербург - Сосновый Бор)
383, 402 (Санкт-Петербург - Сосновый Бор)
383, 413 (Санкт-Петербург - Токсово)
385, 388
385, 401 (Санкт-Петербург - Сосновый Бор)
385, 402 (Санкт-Петербург - Сосновый Бор)
386, 390
386, 404
386, 410
386, 415
386, 415а
386, 420
386, 420б
396а, 396
397, 404
397, 410
397, 413 (Санкт-Петербург - Токсово)
397, 415
397, 415а
397, 420
397, 420б
401 (Санкт-Петербург - Сосновый Бор), 402 (Санкт-Петербург - Сосновый Бор)
401 (Санкт-Петербург - Сосновый Бор), 420
401 (Санкт-Петербург - Сосновый Бор), 420б
402 (Санкт-Петербург - Сосновый Бор), 406 (Кронштадт - Красногорские покосы)
402 (Санкт-Петербург - Сосновый Бор), 420
402 (Санкт-Петербург - Сосновый Бор), 420б
404, 410
404, 415
404, 415а
404, 420
404, 420б
406 (Кронштадт - Красногорские покосы), 420а
408, 413 (Санкт-Петербург - Токсово)
410, 415
410, 415а
410, 420
410, 420б
415, 415а
415, 420
415, 420б
415а, 420
415а, 420б
420, 420б
